Targets,Site_length,,,,,,,,,,,,
1.0843,15,,,,,,,,,,,,
1.1102,15,,,,,,,,,,,,
1.1484,22,,,,,,,,,,,,
1.8068,29,,,,,,,,,,,,
0.36,22,,,,,,,,,,,,
1.1475,22,,,,,,,,,,,,
1.8075,29,,,,,,,,,,,,
1.1477,22,,,,,,,,,Site_Length,Average of Targets,StdDev of Targets,Count of Targets
0.356,15,,,,,,,,,8,0.376811019,0.050409338,363
1.1465,22,,,,,,,,,15,0.618198185,0.335149305,1102
0.3532,15,,,,,,,,,22,0.879696539,0.371141037,1127
1.8101,29,,,,,,,,,29,1.808325401,0.001358588,374
0.366,8,,,,,,,,,(blank),,,
0.3586,22,,,,,,,,,Grand Total,0.838087829,0.507692372,2966
1.1432,22,,,,,,,,,,,,
0.4137,15,,,,,,,,,,,,
0.2828,15,,,,,,,,,,,,
1.8001,29,,,,,,,,,,,,
0.3551,22,,,,,,,,,,,,
1.8098,29,,,,,,,,,,,,
1.1384,22,,,,,,,,,,,,
0.3503,22,,,,,,,,,,,,
1.1497,22,,,,,,,,,,,,
0.9607,15,,,,,,,,,,,,
1.1041,15,,,,,,,,,,,,
0.2694,8,,,,,,,,,,,,
1.8082,29,,,,,,,,,,,,
1.1084,15,,,,,,,,,,,,
0.3524,15,,,,,,,,,,,,
0.3577,15,,,,,,,,,,,,
1.8026,29,,,,,,,,,,,,
1.1447,22,,,,,,,,,,,,
0.3808,22,,,,,,,,,,,,
1.8089,29,,,,,,,,,,,,
0.2749,22,,,,,,,,,,,,
1.8073,29,,,,,,,,,,,,
1.1046,15,,,,,,,,,,,,
0.4206,15,,,,,,,,,,,,
0.3482,22,,,,,,,,,,,,
0.2991,8,,,,,,,,,,,,
1.0009,15,,,,,,,,,,,,
1.8025,29,,,,,,,,,,,,
1.8095,29,,,,,,,,,,,,
1.1452,22,,,,,,,,,,,,
1.1456,22,,,,,,,,,,,,
1.1485,22,,,,,,,,,,,,
0.3579,22,,,,,,,,,,,,
0.3561,15,,,,,,,,,,,,
1.8029,29,,,,,,,,,,,,
0.3574,22,,,,,,,,,,,,
1.1453,22,,,,,,,,,,,,
0.3929,15,,,,,,,,,,,,
0.3995,8,,,,,,,,,,,,
1.8059,29,,,,,,,,,,,,
1.1459,22,,,,,,,,,,,,
0.3446,22,,,,,,,,,,,,
0.4187,15,,,,,,,,,,,,
1.1483,22,,,,,,,,,,,,
1.8095,29,,,,,,,,,,,,
1.1467,22,,,,,,,,,,,,
0.4154,22,,,,,,,,,,,,
1.1456,22,,,,,,,,,,,,
0.352,15,,,,,,,,,,,,
1.1465,22,,,,,,,,,,,,
1.1459,22,,,,,,,,,,,,
1.0011,15,,,,,,,,,,,,
1.8083,29,,,,,,,,,,,,
0.423,22,,,,,,,,,,,,
0.408,15,,,,,,,,,,,,
1.1446,22,,,,,,,,,,,,
1.8098,29,,,,,,,,,,,,
0.3578,22,,,,,,,,,,,,
1.1426,22,,,,,,,,,,,,
0.3552,15,,,,,,,,,,,,
0.4249,8,,,,,,,,,,,,
1.8094,29,,,,,,,,,,,,
1.0998,15,,,,,,,,,,,,
0.4346,22,,,,,,,,,,,,
1.1486,22,,,,,,,,,,,,
1.1427,22,,,,,,,,,,,,
0.3824,15,,,,,,,,,,,,
1.8024,29,,,,,,,,,,,,
1.8087,29,,,,,,,,,,,,
0.3588,22,,,,,,,,,,,,
1.1456,22,,,,,,,,,,,,
1.1466,22,,,,,,,,,,,,
0.3047,15,,,,,,,,,,,,
1.111,15,,,,,,,,,,,,
0.3607,22,,,,,,,,,,,,
1.8025,29,,,,,,,,,,,,
1.807,29,,,,,,,,,,,,
1.1048,15,,,,,,,,,,,,
0.4129,22,,,,,,,,,,,,
1.1459,22,,,,,,,,,,,,
1.0913,15,,,,,,,,,,,,
0.43,15,,,,,,,,,,,,
1.1421,22,,,,,,,,,,,,
1.1098,15,,,,,,,,,,,,
0.2742,22,,,,,,,,,,,,
0.3487,15,,,,,,,,,,,,
0.3526,22,,,,,,,,,,,,
1.1458,22,,,,,,,,,,,,
1.1048,15,,,,,,,,,,,,
1.8093,29,,,,,,,,,,,,
0.9963,15,,,,,,,,,,,,
1.8069,29,,,,,,,,,,,,
1.1465,22,,,,,,,,,,,,
0.9582,15,,,,,,,,,,,,
1.0933,15,,,,,,,,,,,,
0.3556,22,,,,,,,,,,,,
0.3926,15,,,,,,,,,,,,
1.8106,29,,,,,,,,,,,,
1.8095,29,,,,,,,,,,,,
1.1055,15,,,,,,,,,,,,
1.1447,22,,,,,,,,,,,,
0.4227,8,,,,,,,,,,,,
1.1765,22,,,,,,,,,,,,
1.1052,15,,,,,,,,,,,,
0.359,22,,,,,,,,,,,,
1.146,22,,,,,,,,,,,,
1.8089,29,,,,,,,,,,,,
0.4283,15,,,,,,,,,,,,
1.1472,22,,,,,,,,,,,,
1.1093,15,,,,,,,,,,,,
1.8082,29,,,,,,,,,,,,
1.0894,15,,,,,,,,,,,,
1.0941,15,,,,,,,,,,,,
0.3931,8,,,,,,,,,,,,
0.3516,15,,,,,,,,,,,,
1.102,15,,,,,,,,,,,,
0.3576,22,,,,,,,,,,,,
1.8086,29,,,,,,,,,,,,
0.3955,15,,,,,,,,,,,,
0.4192,15,,,,,,,,,,,,
1.8086,29,,,,,,,,,,,,
0.3603,8,,,,,,,,,,,,
1.1391,22,,,,,,,,,,,,
1.143,22,,,,,,,,,,,,
0.3543,22,,,,,,,,,,,,
1.809,29,,,,,,,,,,,,
1.1371,22,,,,,,,,,,,,
0.4285,22,,,,,,,,,,,,
0.3572,15,,,,,,,,,,,,
1.1099,15,,,,,,,,,,,,
0.3009,15,,,,,,,,,,,,
0.3601,22,,,,,,,,,,,,
0.3016,15,,,,,,,,,,,,
0.3582,22,,,,,,,,,,,,
0.3591,22,,,,,,,,,,,,
1.0412,15,,,,,,,,,,,,
1.1454,22,,,,,,,,,,,,
0.4229,15,,,,,,,,,,,,
0.3609,22,,,,,,,,,,,,
1.8087,29,,,,,,,,,,,,
1.0804,15,,,,,,,,,,,,
1.1101,15,,,,,,,,,,,,
1.1462,22,,,,,,,,,,,,
1.8099,29,,,,,,,,,,,,
1.0818,15,,,,,,,,,,,,
0.3583,15,,,,,,,,,,,,
0.3517,8,,,,,,,,,,,,
1.1808,22,,,,,,,,,,,,
0.4165,15,,,,,,,,,,,,
0.3907,22,,,,,,,,,,,,
1.1439,22,,,,,,,,,,,,
0.3556,15,,,,,,,,,,,,
1.147,22,,,,,,,,,,,,
0.3558,22,,,,,,,,,,,,
0.406,8,,,,,,,,,,,,
1.8086,29,,,,,,,,,,,,
1.0997,15,,,,,,,,,,,,
0.3506,22,,,,,,,,,,,,
0.4135,15,,,,,,,,,,,,
1.1494,22,,,,,,,,,,,,
1.1191,15,,,,,,,,,,,,
1.1718,22,,,,,,,,,,,,
0.4194,22,,,,,,,,,,,,
0.299,15,,,,,,,,,,,,
1.1469,22,,,,,,,,,,,,
0.3899,8,,,,,,,,,,,,
1.8084,29,,,,,,,,,,,,
1.8095,29,,,,,,,,,,,,
1.002,15,,,,,,,,,,,,
0.3514,22,,,,,,,,,,,,
1.8102,29,,,,,,,,,,,,
1.0836,15,,,,,,,,,,,,
0.3017,22,,,,,,,,,,,,
0.4296,15,,,,,,,,,,,,
1.8079,29,,,,,,,,,,,,
0.2663,22,,,,,,,,,,,,
1.8062,29,,,,,,,,,,,,
1.0907,15,,,,,,,,,,,,
0.41,15,,,,,,,,,,,,
1.8083,29,,,,,,,,,,,,
0.3527,22,,,,,,,,,,,,
1.1108,15,,,,,,,,,,,,
0.302,15,,,,,,,,,,,,
1.1458,22,,,,,,,,,,,,
1.1477,22,,,,,,,,,,,,
0.3011,15,,,,,,,,,,,,
0.3574,22,,,,,,,,,,,,
0.6531,15,,,,,,,,,,,,
1.8079,29,,,,,,,,,,,,
1.0846,15,,,,,,,,,,,,
0.3562,15,,,,,,,,,,,,
1.1452,22,,,,,,,,,,,,
1.8083,29,,,,,,,,,,,,
1.1464,22,,,,,,,,,,,,
0.427,15,,,,,,,,,,,,
1.1379,22,,,,,,,,,,,,
0.3574,22,,,,,,,,,,,,
1.809,29,,,,,,,,,,,,
1.1802,22,,,,,,,,,,,,
0.4025,8,,,,,,,,,,,,
1.8087,29,,,,,,,,,,,,
1.1817,22,,,,,,,,,,,,
0.302,15,,,,,,,,,,,,
1.0911,15,,,,,,,,,,,,
1.8087,29,,,,,,,,,,,,
1.145,22,,,,,,,,,,,,
0.2766,22,,,,,,,,,,,,
0.4209,8,,,,,,,,,,,,
0.3919,15,,,,,,,,,,,,
1.145,22,,,,,,,,,,,,
0.4289,15,,,,,,,,,,,,
1.0847,15,,,,,,,,,,,,
1.809,29,,,,,,,,,,,,
0.3967,15,,,,,,,,,,,,
0.4053,8,,,,,,,,,,,,
1.101,15,,,,,,,,,,,,
0.4259,15,,,,,,,,,,,,
0.3587,22,,,,,,,,,,,,
1.0015,15,,,,,,,,,,,,
0.3599,22,,,,,,,,,,,,
0.419,15,,,,,,,,,,,,
1.1456,22,,,,,,,,,,,,
0.3556,22,,,,,,,,,,,,
1.0878,15,,,,,,,,,,,,
1.1425,22,,,,,,,,,,,,
0.4293,22,,,,,,,,,,,,
1.1438,22,,,,,,,,,,,,
0.4274,22,,,,,,,,,,,,
0.4158,15,,,,,,,,,,,,
1.1467,22,,,,,,,,,,,,
1.084,15,,,,,,,,,,,,
0.431,22,,,,,,,,,,,,
1.8083,29,,,,,,,,,,,,
0.357,22,,,,,,,,,,,,
1.1456,22,,,,,,,,,,,,
1.8089,29,,,,,,,,,,,,
0.4001,15,,,,,,,,,,,,
1.1041,15,,,,,,,,,,,,
0.3584,22,,,,,,,,,,,,
1.8086,29,,,,,,,,,,,,
0.4204,8,,,,,,,,,,,,
1.1496,22,,,,,,,,,,,,
1.8075,29,,,,,,,,,,,,
0.3901,15,,,,,,,,,,,,
1.1079,15,,,,,,,,,,,,
1.8057,29,,,,,,,,,,,,
0.4047,15,,,,,,,,,,,,
1.1083,15,,,,,,,,,,,,
1.1443,22,,,,,,,,,,,,
1.8084,29,,,,,,,,,,,,
0.4291,15,,,,,,,,,,,,
0.3595,22,,,,,,,,,,,,
1.8088,29,,,,,,,,,,,,
0.3069,15,,,,,,,,,,,,
1.8077,29,,,,,,,,,,,,
0.4057,8,,,,,,,,,,,,
0.3588,22,,,,,,,,,,,,
1.1454,22,,,,,,,,,,,,
1.1113,15,,,,,,,,,,,,
0.3564,22,,,,,,,,,,,,
1.1294,22,,,,,,,,,,,,
0.426,8,,,,,,,,,,,,
0.4254,15,,,,,,,,,,,,
1.8072,29,,,,,,,,,,,,
1.0016,15,,,,,,,,,,,,
0.3997,15,,,,,,,,,,,,
0.3565,22,,,,,,,,,,,,
1.808,29,,,,,,,,,,,,
1.1454,22,,,,,,,,,,,,
1.1102,15,,,,,,,,,,,,
1.1457,22,,,,,,,,,,,,
0.2763,15,,,,,,,,,,,,
1.1457,22,,,,,,,,,,,,
1.1099,15,,,,,,,,,,,,
0.352,15,,,,,,,,,,,,
1.1477,22,,,,,,,,,,,,
0.4058,8,,,,,,,,,,,,
0.3579,22,,,,,,,,,,,,
1.1091,15,,,,,,,,,,,,
1.1466,22,,,,,,,,,,,,
1.1068,15,,,,,,,,,,,,
1.1447,22,,,,,,,,,,,,
1.1007,15,,,,,,,,,,,,
0.4014,15,,,,,,,,,,,,
1.1396,22,,,,,,,,,,,,
1.8088,29,,,,,,,,,,,,
0.3548,22,,,,,,,,,,,,
1.1242,15,,,,,,,,,,,,
1.1099,15,,,,,,,,,,,,
0.2747,15,,,,,,,,,,,,
0.4293,22,,,,,,,,,,,,
1.8083,29,,,,,,,,,,,,
1.1401,22,,,,,,,,,,,,
0.358,15,,,,,,,,,,,,
0.2725,22,,,,,,,,,,,,
1.039,15,,,,,,,,,,,,
0.275,15,,,,,,,,,,,,
0.2754,22,,,,,,,,,,,,
1.8085,29,,,,,,,,,,,,
0.4187,8,,,,,,,,,,,,
1.8076,29,,,,,,,,,,,,
0.4315,15,,,,,,,,,,,,
1.1472,22,,,,,,,,,,,,
1.8104,29,,,,,,,,,,,,
0.4083,8,,,,,,,,,,,,
0.3518,15,,,,,,,,,,,,
1.0842,15,,,,,,,,,,,,
0.4323,15,,,,,,,,,,,,
0.3564,22,,,,,,,,,,,,
1.146,22,,,,,,,,,,,,
1.1091,15,,,,,,,,,,,,
0.3506,22,,,,,,,,,,,,
1.1428,22,,,,,,,,,,,,
0.3571,15,,,,,,,,,,,,
1.1117,15,,,,,,,,,,,,
0.3619,22,,,,,,,,,,,,
0.3521,15,,,,,,,,,,,,
1.1452,22,,,,,,,,,,,,
0.353,15,,,,,,,,,,,,
1.1404,22,,,,,,,,,,,,
1.1093,15,,,,,,,,,,,,
1.8101,29,,,,,,,,,,,,
0.299,8,,,,,,,,,,,,
1.8084,29,,,,,,,,,,,,
0.299,15,,,,,,,,,,,,
1.1486,22,,,,,,,,,,,,
0.4327,22,,,,,,,,,,,,
0.3997,15,,,,,,,,,,,,
1.1437,22,,,,,,,,,,,,
1.144,22,,,,,,,,,,,,
1.095,15,,,,,,,,,,,,
1.1445,22,,,,,,,,,,,,
1.8081,29,,,,,,,,,,,,
0.4153,22,,,,,,,,,,,,
0.4338,15,,,,,,,,,,,,
1.1103,15,,,,,,,,,,,,
1.8093,29,,,,,,,,,,,,
1.1396,22,,,,,,,,,,,,
1.15,22,,,,,,,,,,,,
0.6529,15,,,,,,,,,,,,
1.809,29,,,,,,,,,,,,
1.0989,15,,,,,,,,,,,,
0.2765,22,,,,,,,,,,,,
1.1784,22,,,,,,,,,,,,
1.109,15,,,,,,,,,,,,
0.3519,22,,,,,,,,,,,,
0.2964,15,,,,,,,,,,,,
1.149,22,,,,,,,,,,,,
1.8076,29,,,,,,,,,,,,
0.3557,8,,,,,,,,,,,,
0.4242,15,,,,,,,,,,,,
1.1427,22,,,,,,,,,,,,
0.4304,22,,,,,,,,,,,,
1.1468,22,,,,,,,,,,,,
1.8079,29,,,,,,,,,,,,
1.1406,22,,,,,,,,,,,,
1.0949,15,,,,,,,,,,,,
0.3571,15,,,,,,,,,,,,
1.8095,29,,,,,,,,,,,,
1.1046,15,,,,,,,,,,,,
0.4084,15,,,,,,,,,,,,
0.1721,8,,,,,,,,,,,,
0.3573,15,,,,,,,,,,,,
1.142,22,,,,,,,,,,,,
1.8084,29,,,,,,,,,,,,
1.0843,15,,,,,,,,,,,,
0.4232,22,,,,,,,,,,,,
0.3559,15,,,,,,,,,,,,
0.4231,8,,,,,,,,,,,,
1.1422,22,,,,,,,,,,,,
1.8103,29,,,,,,,,,,,,
0.4039,15,,,,,,,,,,,,
1.809,29,,,,,,,,,,,,
1.8086,29,,,,,,,,,,,,
1.0837,15,,,,,,,,,,,,
0.3696,15,,,,,,,,,,,,
1.1788,22,,,,,,,,,,,,
1.0017,15,,,,,,,,,,,,
0.6532,15,,,,,,,,,,,,
0.2711,15,,,,,,,,,,,,
1.1453,22,,,,,,,,,,,,
0.3515,8,,,,,,,,,,,,
0.3586,22,,,,,,,,,,,,
1.1074,15,,,,,,,,,,,,
1.8084,29,,,,,,,,,,,,
0.355,15,,,,,,,,,,,,
1.8093,29,,,,,,,,,,,,
1.1468,22,,,,,,,,,,,,
1.1184,15,,,,,,,,,,,,
1.8085,29,,,,,,,,,,,,
1.1438,22,,,,,,,,,,,,
0.4174,8,,,,,,,,,,,,
0.3598,22,,,,,,,,,,,,
1.1465,22,,,,,,,,,,,,
1.8093,29,,,,,,,,,,,,
1.0808,15,,,,,,,,,,,,
0.4249,15,,,,,,,,,,,,
0.4163,15,,,,,,,,,,,,
0.3931,22,,,,,,,,,,,,
0.3644,15,,,,,,,,,,,,
0.2742,8,,,,,,,,,,,,
1.0851,15,,,,,,,,,,,,
0.3588,22,,,,,,,,,,,,
0.3518,15,,,,,,,,,,,,
1.145,22,,,,,,,,,,,,
0.3883,15,,,,,,,,,,,,
1.1497,22,,,,,,,,,,,,
1.8094,29,,,,,,,,,,,,
1.1484,22,,,,,,,,,,,,
0.415,15,,,,,,,,,,,,
0.3922,8,,,,,,,,,,,,
0.436,22,,,,,,,,,,,,
1.1048,15,,,,,,,,,,,,
1.1478,22,,,,,,,,,,,,
1.1055,15,,,,,,,,,,,,
0.419,15,,,,,,,,,,,,
0.2831,8,,,,,,,,,,,,
1.1382,22,,,,,,,,,,,,
1.1077,15,,,,,,,,,,,,
0.3864,15,,,,,,,,,,,,
1.8092,29,,,,,,,,,,,,
0.4335,22,,,,,,,,,,,,
1.1424,22,,,,,,,,,,,,
1.8102,29,,,,,,,,,,,,
0.359,22,,,,,,,,,,,,
1.1348,22,,,,,,,,,,,,
0.2605,8,,,,,,,,,,,,
0.394,15,,,,,,,,,,,,
1.1062,15,,,,,,,,,,,,
0.3599,22,,,,,,,,,,,,
1.8093,29,,,,,,,,,,,,
0.2749,15,,,,,,,,,,,,
1.8095,29,,,,,,,,,,,,
0.3532,15,,,,,,,,,,,,
0.3592,22,,,,,,,,,,,,
1.8087,29,,,,,,,,,,,,
0.4181,22,,,,,,,,,,,,
1.8091,29,,,,,,,,,,,,
0.4014,15,,,,,,,,,,,,
0.2984,22,,,,,,,,,,,,
0.4099,8,,,,,,,,,,,,
1.0958,15,,,,,,,,,,,,
1.8093,29,,,,,,,,,,,,
1.0999,15,,,,,,,,,,,,
1.8056,29,,,,,,,,,,,,
0.4176,15,,,,,,,,,,,,
1.8062,29,,,,,,,,,,,,
0.4216,15,,,,,,,,,,,,
0.652,15,,,,,,,,,,,,
1.1474,22,,,,,,,,,,,,
0.3526,15,,,,,,,,,,,,
0.3573,22,,,,,,,,,,,,
0.4001,15,,,,,,,,,,,,
1.8079,29,,,,,,,,,,,,
1.1017,15,,,,,,,,,,,,
1.1469,22,,,,,,,,,,,,
0.3587,22,,,,,,,,,,,,
1.8072,29,,,,,,,,,,,,
1.1445,22,,,,,,,,,,,,
1.104,15,,,,,,,,,,,,
1.8092,29,,,,,,,,,,,,
1.147,22,,,,,,,,,,,,
0.4284,15,,,,,,,,,,,,
0.3488,22,,,,,,,,,,,,
1.0871,15,,,,,,,,,,,,
1.8095,29,,,,,,,,,,,,
0.4225,15,,,,,,,,,,,,
0.3962,15,,,,,,,,,,,,
0.278,15,,,,,,,,,,,,
1.1438,22,,,,,,,,,,,,
0.2971,8,,,,,,,,,,,,
0.4022,15,,,,,,,,,,,,
1.1438,22,,,,,,,,,,,,
0.2773,22,,,,,,,,,,,,
1.1466,22,,,,,,,,,,,,
1.1383,22,,,,,,,,,,,,
1.809,29,,,,,,,,,,,,
1.1097,15,,,,,,,,,,,,
0.3717,22,,,,,,,,,,,,
0.3997,15,,,,,,,,,,,,
0.65,15,,,,,,,,,,,,
1.1465,22,,,,,,,,,,,,
0.3924,15,,,,,,,,,,,,
0.3975,15,,,,,,,,,,,,
0.3478,8,,,,,,,,,,,,
1.8074,29,,,,,,,,,,,,
1.1434,22,,,,,,,,,,,,
1.0897,15,,,,,,,,,,,,
1.809,29,,,,,,,,,,,,
1.1519,22,,,,,,,,,,,,
0.301,15,,,,,,,,,,,,
1.8068,29,,,,,,,,,,,,
0.3584,22,,,,,,,,,,,,
1.1378,22,,,,,,,,,,,,
1.1075,15,,,,,,,,,,,,
1.8089,29,,,,,,,,,,,,
1.1461,22,,,,,,,,,,,,
0.3887,15,,,,,,,,,,,,
0.2827,8,,,,,,,,,,,,
1.8098,29,,,,,,,,,,,,
1.8087,29,,,,,,,,,,,,
0.9428,15,,,,,,,,,,,,
0.3579,22,,,,,,,,,,,,
0.3999,15,,,,,,,,,,,,
0.4195,8,,,,,,,,,,,,
0.3521,22,,,,,,,,,,,,
0.3003,15,,,,,,,,,,,,
1.8081,29,,,,,,,,,,,,
1.1458,22,,,,,,,,,,,,
0.3498,8,,,,,,,,,,,,
1.1459,22,,,,,,,,,,,,
1.8081,29,,,,,,,,,,,,
1.1404,22,,,,,,,,,,,,
0.4029,15,,,,,,,,,,,,
1.8087,29,,,,,,,,,,,,
1.1466,22,,,,,,,,,,,,
0.4117,15,,,,,,,,,,,,
0.3479,22,,,,,,,,,,,,
1.8091,29,,,,,,,,,,,,
0.3564,22,,,,,,,,,,,,
1.1396,22,,,,,,,,,,,,
0.3506,15,,,,,,,,,,,,
1.8096,29,,,,,,,,,,,,
1.119,15,,,,,,,,,,,,
0.4123,15,,,,,,,,,,,,
0.4021,22,,,,,,,,,,,,
1.8077,29,,,,,,,,,,,,
1.1041,15,,,,,,,,,,,,
1.8068,29,,,,,,,,,,,,
1.1478,22,,,,,,,,,,,,
0.3014,15,,,,,,,,,,,,
1.1375,22,,,,,,,,,,,,
1.1455,22,,,,,,,,,,,,
1.8097,29,,,,,,,,,,,,
0.4354,22,,,,,,,,,,,,
0.2949,8,,,,,,,,,,,,
1.0892,15,,,,,,,,,,,,
1.8065,29,,,,,,,,,,,,
1.1482,22,,,,,,,,,,,,
0.4208,8,,,,,,,,,,,,
1.1417,22,,,,,,,,,,,,
0.302,15,,,,,,,,,,,,
1.809,29,,,,,,,,,,,,
1.1058,15,,,,,,,,,,,,
0.3595,22,,,,,,,,,,,,
1.8084,29,,,,,,,,,,,,
1.1042,15,,,,,,,,,,,,
0.3549,15,,,,,,,,,,,,
0.3583,22,,,,,,,,,,,,
1.8093,29,,,,,,,,,,,,
0.3709,8,,,,,,,,,,,,
1.1454,22,,,,,,,,,,,,
0.3592,22,,,,,,,,,,,,
1.1458,22,,,,,,,,,,,,
1.0877,15,,,,,,,,,,,,
0.4014,8,,,,,,,,,,,,
0.3577,22,,,,,,,,,,,,
1.1023,15,,,,,,,,,,,,
0.368,22,,,,,,,,,,,,
1.8084,29,,,,,,,,,,,,
0.4129,8,,,,,,,,,,,,
1.0339,15,,,,,,,,,,,,
0.3567,15,,,,,,,,,,,,
1.8071,29,,,,,,,,,,,,
0.3587,22,,,,,,,,,,,,
0.4292,22,,,,,,,,,,,,
1.8089,29,,,,,,,,,,,,
1.1042,15,,,,,,,,,,,,
0.3563,15,,,,,,,,,,,,
0.3625,8,,,,,,,,,,,,
0.3823,22,,,,,,,,,,,,
0.3929,15,,,,,,,,,,,,
0.3574,22,,,,,,,,,,,,
1.1474,22,,,,,,,,,,,,
1.0974,15,,,,,,,,,,,,
0.943,15,,,,,,,,,,,,
1.1467,22,,,,,,,,,,,,
1.8083,29,,,,,,,,,,,,
1.1449,22,,,,,,,,,,,,
0.4121,8,,,,,,,,,,,,
1.8083,29,,,,,,,,,,,,
0.9417,15,,,,,,,,,,,,
1.1776,22,,,,,,,,,,,,
0.3887,15,,,,,,,,,,,,
1.1042,15,,,,,,,,,,,,
1.1427,22,,,,,,,,,,,,
0.2754,15,,,,,,,,,,,,
1.096,15,,,,,,,,,,,,
1.1479,22,,,,,,,,,,,,
0.4019,15,,,,,,,,,,,,
0.3603,22,,,,,,,,,,,,
0.6529,15,,,,,,,,,,,,
1.1434,22,,,,,,,,,,,,
0.3904,22,,,,,,,,,,,,
1.8069,29,,,,,,,,,,,,
0.954,15,,,,,,,,,,,,
1.8092,29,,,,,,,,,,,,
0.6528,15,,,,,,,,,,,,
1.8093,29,,,,,,,,,,,,
0.3741,8,,,,,,,,,,,,
0.385,22,,,,,,,,,,,,
1.1013,15,,,,,,,,,,,,
1.1454,22,,,,,,,,,,,,
1.144,22,,,,,,,,,,,,
0.355,22,,,,,,,,,,,,
0.4141,15,,,,,,,,,,,,
0.2942,8,,,,,,,,,,,,
1.8069,29,,,,,,,,,,,,
0.3006,15,,,,,,,,,,,,
1.1471,22,,,,,,,,,,,,
0.4174,15,,,,,,,,,,,,
1.8079,29,,,,,,,,,,,,
0.3665,15,,,,,,,,,,,,
1.0994,15,,,,,,,,,,,,
0.2839,15,,,,,,,,,,,,
0.2841,22,,,,,,,,,,,,
1.8088,29,,,,,,,,,,,,
1.1377,22,,,,,,,,,,,,
0.4298,22,,,,,,,,,,,,
1.1131,15,,,,,,,,,,,,
0.3922,15,,,,,,,,,,,,
1.8061,29,,,,,,,,,,,,
0.3593,22,,,,,,,,,,,,
0.4311,15,,,,,,,,,,,,
1.8093,29,,,,,,,,,,,,
0.3555,22,,,,,,,,,,,,
1.1028,15,,,,,,,,,,,,
0.3617,22,,,,,,,,,,,,
0.4152,15,,,,,,,,,,,,
1.8083,29,,,,,,,,,,,,
0.2995,8,,,,,,,,,,,,
0.3586,22,,,,,,,,,,,,
0.4088,15,,,,,,,,,,,,
1.8085,29,,,,,,,,,,,,
0.9602,15,,,,,,,,,,,,
1.1428,22,,,,,,,,,,,,
0.3886,15,,,,,,,,,,,,
0.2765,22,,,,,,,,,,,,
1.1374,22,,,,,,,,,,,,
1.0364,15,,,,,,,,,,,,
1.8081,29,,,,,,,,,,,,
1.1458,22,,,,,,,,,,,,
0.4324,15,,,,,,,,,,,,
0.3531,22,,,,,,,,,,,,
0.361,15,,,,,,,,,,,,
1.1019,15,,,,,,,,,,,,
1.8092,29,,,,,,,,,,,,
0.3599,22,,,,,,,,,,,,
0.2937,8,,,,,,,,,,,,
1.1388,22,,,,,,,,,,,,
1.112,15,,,,,,,,,,,,
1.8073,29,,,,,,,,,,,,
0.3587,22,,,,,,,,,,,,
1.1444,22,,,,,,,,,,,,
0.296,8,,,,,,,,,,,,
1.0143,15,,,,,,,,,,,,
0.4219,15,,,,,,,,,,,,
1.1478,22,,,,,,,,,,,,
1.1451,22,,,,,,,,,,,,
0.4337,22,,,,,,,,,,,,
0.4195,8,,,,,,,,,,,,
1.8086,29,,,,,,,,,,,,
1.1081,15,,,,,,,,,,,,
1.1396,22,,,,,,,,,,,,
0.4295,22,,,,,,,,,,,,
1.8089,29,,,,,,,,,,,,
1.8091,29,,,,,,,,,,,,
1.1479,22,,,,,,,,,,,,
0.415,8,,,,,,,,,,,,
1.808,29,,,,,,,,,,,,
1.1478,22,,,,,,,,,,,,
1.8092,29,,,,,,,,,,,,
0.4198,8,,,,,,,,,,,,
1.0021,15,,,,,,,,,,,,
0.3764,22,,,,,,,,,,,,
1.8069,29,,,,,,,,,,,,
0.4275,8,,,,,,,,,,,,
0.3562,22,,,,,,,,,,,,
1.8086,29,,,,,,,,,,,,
0.4155,22,,,,,,,,,,,,
1.0966,15,,,,,,,,,,,,
1.1015,15,,,,,,,,,,,,
0.3605,22,,,,,,,,,,,,
0.3949,15,,,,,,,,,,,,
1.109,15,,,,,,,,,,,,
0.3493,22,,,,,,,,,,,,
0.3526,15,,,,,,,,,,,,
1.8081,29,,,,,,,,,,,,
0.2892,8,,,,,,,,,,,,
1.8072,29,,,,,,,,,,,,
1.0394,15,,,,,,,,,,,,
0.4329,15,,,,,,,,,,,,
0.3574,22,,,,,,,,,,,,
0.4209,8,,,,,,,,,,,,
1.8085,29,,,,,,,,,,,,
1.1123,15,,,,,,,,,,,,
0.4297,15,,,,,,,,,,,,
0.3566,22,,,,,,,,,,,,
1.1455,22,,,,,,,,,,,,
1.8086,29,,,,,,,,,,,,
0.4197,15,,,,,,,,,,,,
1.083,15,,,,,,,,,,,,
1.1381,22,,,,,,,,,,,,
0.3558,22,,,,,,,,,,,,
0.4082,8,,,,,,,,,,,,
0.4207,15,,,,,,,,,,,,
1.1461,22,,,,,,,,,,,,
0.4301,22,,,,,,,,,,,,
1.1429,22,,,,,,,,,,,,
0.3591,22,,,,,,,,,,,,
0.423,8,,,,,,,,,,,,
1.1046,15,,,,,,,,,,,,
1.1469,22,,,,,,,,,,,,
1.8066,29,,,,,,,,,,,,
1.8092,29,,,,,,,,,,,,
0.3532,15,,,,,,,,,,,,
1.8076,29,,,,,,,,,,,,
1.1639,22,,,,,,,,,,,,
0.3517,15,,,,,,,,,,,,
1.0762,15,,,,,,,,,,,,
0.4174,22,,,,,,,,,,,,
1.1425,22,,,,,,,,,,,,
0.4214,15,,,,,,,,,,,,
0.359,22,,,,,,,,,,,,
0.7035,15,,,,,,,,,,,,
1.1481,22,,,,,,,,,,,,
1.1368,22,,,,,,,,,,,,
0.3017,15,,,,,,,,,,,,
1.0377,15,,,,,,,,,,,,
0.2726,22,,,,,,,,,,,,
1.1458,22,,,,,,,,,,,,
0.4313,22,,,,,,,,,,,,
0.2942,15,,,,,,,,,,,,
1.8094,29,,,,,,,,,,,,
0.4111,8,,,,,,,,,,,,
0.3519,22,,,,,,,,,,,,
0.3604,15,,,,,,,,,,,,
0.9435,15,,,,,,,,,,,,
0.4266,15,,,,,,,,,,,,
1.1469,22,,,,,,,,,,,,
0.3544,22,,,,,,,,,,,,
1.8091,29,,,,,,,,,,,,
1.1341,22,,,,,,,,,,,,
0.3573,15,,,,,,,,,,,,
0.3554,22,,,,,,,,,,,,
0.3948,15,,,,,,,,,,,,
1.0934,15,,,,,,,,,,,,
0.4091,8,,,,,,,,,,,,
0.3873,15,,,,,,,,,,,,
1.1786,22,,,,,,,,,,,,
0.3585,22,,,,,,,,,,,,
0.2997,15,,,,,,,,,,,,
0.4078,22,,,,,,,,,,,,
1.8092,29,,,,,,,,,,,,
1.147,22,,,,,,,,,,,,
0.3516,22,,,,,,,,,,,,
1.0824,15,,,,,,,,,,,,
0.2721,22,,,,,,,,,,,,
1.151,22,,,,,,,,,,,,
0.4004,15,,,,,,,,,,,,
1.0388,15,,,,,,,,,,,,
0.4229,8,,,,,,,,,,,,
1.8089,29,,,,,,,,,,,,
0.4044,15,,,,,,,,,,,,
1.1061,15,,,,,,,,,,,,
0.3606,22,,,,,,,,,,,,
1.1474,22,,,,,,,,,,,,
0.3995,15,,,,,,,,,,,,
0.357,22,,,,,,,,,,,,
1.8081,29,,,,,,,,,,,,
1.0948,15,,,,,,,,,,,,
0.3022,15,,,,,,,,,,,,
0.3575,22,,,,,,,,,,,,
1.1472,22,,,,,,,,,,,,
0.9593,15,,,,,,,,,,,,
1.8095,29,,,,,,,,,,,,
1.1466,22,,,,,,,,,,,,
1.8093,29,,,,,,,,,,,,
1.147,22,,,,,,,,,,,,
1.1062,15,,,,,,,,,,,,
0.2773,22,,,,,,,,,,,,
0.3504,8,,,,,,,,,,,,
1.1002,15,,,,,,,,,,,,
0.3994,15,,,,,,,,,,,,
1.1057,15,,,,,,,,,,,,
0.4135,22,,,,,,,,,,,,
1.1477,22,,,,,,,,,,,,
0.2545,8,,,,,,,,,,,,
1.8086,29,,,,,,,,,,,,
1.1382,22,,,,,,,,,,,,
1.8101,29,,,,,,,,,,,,
1.1493,22,,,,,,,,,,,,
1.1163,15,,,,,,,,,,,,
0.4202,15,,,,,,,,,,,,
1.1271,15,,,,,,,,,,,,
1.1435,22,,,,,,,,,,,,
0.3518,22,,,,,,,,,,,,
0.3526,15,,,,,,,,,,,,
0.3913,8,,,,,,,,,,,,
0.9596,15,,,,,,,,,,,,
1.144,22,,,,,,,,,,,,
0.4177,15,,,,,,,,,,,,
1.8099,29,,,,,,,,,,,,
0.3735,15,,,,,,,,,,,,
1.1457,22,,,,,,,,,,,,
0.3566,15,,,,,,,,,,,,
1.1465,22,,,,,,,,,,,,
1.8092,29,,,,,,,,,,,,
0.4026,8,,,,,,,,,,,,
0.2778,22,,,,,,,,,,,,
1.1427,22,,,,,,,,,,,,
1.8091,29,,,,,,,,,,,,
0.3585,22,,,,,,,,,,,,
1.1437,22,,,,,,,,,,,,
1.8057,29,,,,,,,,,,,,
0.4236,15,,,,,,,,,,,,
1.1369,22,,,,,,,,,,,,
1.8093,29,,,,,,,,,,,,
0.3495,22,,,,,,,,,,,,
0.3702,15,,,,,,,,,,,,
1.1367,22,,,,,,,,,,,,
0.3587,15,,,,,,,,,,,,
1.8064,29,,,,,,,,,,,,
0.3882,8,,,,,,,,,,,,
1.1013,15,,,,,,,,,,,,
0.3625,22,,,,,,,,,,,,
0.4227,15,,,,,,,,,,,,
1.8103,29,,,,,,,,,,,,
0.359,22,,,,,,,,,,,,
0.4173,15,,,,,,,,,,,,
0.3534,8,,,,,,,,,,,,
1.1059,15,,,,,,,,,,,,
0.4294,15,,,,,,,,,,,,
1.0837,15,,,,,,,,,,,,
0.3728,8,,,,,,,,,,,,
1.8073,29,,,,,,,,,,,,
1.1062,15,,,,,,,,,,,,
0.2695,15,,,,,,,,,,,,
1.0949,15,,,,,,,,,,,,
0.357,22,,,,,,,,,,,,
1.1461,22,,,,,,,,,,,,
0.3974,15,,,,,,,,,,,,
0.3502,22,,,,,,,,,,,,
0.9608,15,,,,,,,,,,,,
1.8101,29,,,,,,,,,,,,
1.1387,22,,,,,,,,,,,,
0.4242,22,,,,,,,,,,,,
0.2768,15,,,,,,,,,,,,
0.3981,15,,,,,,,,,,,,
1.1456,22,,,,,,,,,,,,
1.81,29,,,,,,,,,,,,
0.4291,22,,,,,,,,,,,,
1.1183,15,,,,,,,,,,,,
1.8088,29,,,,,,,,,,,,
1.14,22,,,,,,,,,,,,
1.8091,29,,,,,,,,,,,,
1.1481,22,,,,,,,,,,,,
1.808,29,,,,,,,,,,,,
0.4238,15,,,,,,,,,,,,
0.4299,22,,,,,,,,,,,,
1.0829,15,,,,,,,,,,,,
1.8074,29,,,,,,,,,,,,
1.146,22,,,,,,,,,,,,
0.4295,22,,,,,,,,,,,,
1.0838,15,,,,,,,,,,,,
1.1453,22,,,,,,,,,,,,
0.4375,22,,,,,,,,,,,,
1.1424,22,,,,,,,,,,,,
0.402,22,,,,,,,,,,,,
1.0944,15,,,,,,,,,,,,
1.1458,22,,,,,,,,,,,,
0.4007,15,,,,,,,,,,,,
1.8076,29,,,,,,,,,,,,
1.143,22,,,,,,,,,,,,
0.3363,22,,,,,,,,,,,,
1.1044,15,,,,,,,,,,,,
0.3874,8,,,,,,,,,,,,
1.8071,29,,,,,,,,,,,,
1.1455,22,,,,,,,,,,,,
1.0916,15,,,,,,,,,,,,
1.1408,22,,,,,,,,,,,,
1.8066,29,,,,,,,,,,,,
0.3707,8,,,,,,,,,,,,
0.3602,22,,,,,,,,,,,,
0.3943,15,,,,,,,,,,,,
1.8067,29,,,,,,,,,,,,
0.3773,22,,,,,,,,,,,,
0.3528,22,,,,,,,,,,,,
1.1461,22,,,,,,,,,,,,
1.8099,29,,,,,,,,,,,,
1.0955,15,,,,,,,,,,,,
0.405,15,,,,,,,,,,,,
0.3082,8,,,,,,,,,,,,
0.358,22,,,,,,,,,,,,
1.1377,22,,,,,,,,,,,,
0.3585,22,,,,,,,,,,,,
1.1385,22,,,,,,,,,,,,
1.8065,29,,,,,,,,,,,,
1.145,22,,,,,,,,,,,,
1.1177,15,,,,,,,,,,,,
0.3995,15,,,,,,,,,,,,
0.3602,22,,,,,,,,,,,,
0.4168,15,,,,,,,,,,,,
1.1114,15,,,,,,,,,,,,
1.1446,22,,,,,,,,,,,,
0.3937,15,,,,,,,,,,,,
0.3596,22,,,,,,,,,,,,
0.4286,22,,,,,,,,,,,,
0.4176,15,,,,,,,,,,,,
0.3978,8,,,,,,,,,,,,
0.3587,22,,,,,,,,,,,,
0.355,15,,,,,,,,,,,,
1.1091,15,,,,,,,,,,,,
1.1384,22,,,,,,,,,,,,
0.3591,22,,,,,,,,,,,,
1.1418,22,,,,,,,,,,,,
0.405,15,,,,,,,,,,,,
1.8064,29,,,,,,,,,,,,
0.3555,15,,,,,,,,,,,,
1.8066,29,,,,,,,,,,,,
0.434,22,,,,,,,,,,,,
0.3546,15,,,,,,,,,,,,
1.1444,22,,,,,,,,,,,,
1.8085,29,,,,,,,,,,,,
0.3541,15,,,,,,,,,,,,
1.8088,29,,,,,,,,,,,,
0.307,8,,,,,,,,,,,,
0.2857,15,,,,,,,,,,,,
1.1458,22,,,,,,,,,,,,
0.3494,22,,,,,,,,,,,,
1.1098,15,,,,,,,,,,,,
0.27,22,,,,,,,,,,,,
1.1012,15,,,,,,,,,,,,
0.3888,15,,,,,,,,,,,,
0.3517,22,,,,,,,,,,,,
1.8101,29,,,,,,,,,,,,
1.1444,22,,,,,,,,,,,,
0.4069,8,,,,,,,,,,,,
0.3522,15,,,,,,,,,,,,
0.3943,8,,,,,,,,,,,,
0.3544,22,,,,,,,,,,,,
1.1485,22,,,,,,,,,,,,
1.809,29,,,,,,,,,,,,
0.3077,15,,,,,,,,,,,,
0.4022,15,,,,,,,,,,,,
0.3552,22,,,,,,,,,,,,
1.104,15,,,,,,,,,,,,
1.8079,29,,,,,,,,,,,,
0.3551,15,,,,,,,,,,,,
1.8081,29,,,,,,,,,,,,
1.1451,22,,,,,,,,,,,,
1.1088,15,,,,,,,,,,,,
1.038,15,,,,,,,,,,,,
1.1479,22,,,,,,,,,,,,
0.4174,15,,,,,,,,,,,,
1.8098,29,,,,,,,,,,,,
1.1448,22,,,,,,,,,,,,
0.3905,15,,,,,,,,,,,,
1.1474,22,,,,,,,,,,,,
0.3562,22,,,,,,,,,,,,
1.1481,22,,,,,,,,,,,,
1.1129,15,,,,,,,,,,,,
0.3552,15,,,,,,,,,,,,
0.9434,15,,,,,,,,,,,,
1.1475,22,,,,,,,,,,,,
0.3889,8,,,,,,,,,,,,
0.3559,15,,,,,,,,,,,,
1.1488,22,,,,,,,,,,,,
0.3575,22,,,,,,,,,,,,
0.9535,15,,,,,,,,,,,,
0.268,15,,,,,,,,,,,,
1.8095,29,,,,,,,,,,,,
0.359,8,,,,,,,,,,,,
0.4155,15,,,,,,,,,,,,
1.8064,29,,,,,,,,,,,,
0.4372,22,,,,,,,,,,,,
0.4198,8,,,,,,,,,,,,
1.8086,29,,,,,,,,,,,,
1.1045,15,,,,,,,,,,,,
0.3597,22,,,,,,,,,,,,
1.1481,22,,,,,,,,,,,,
0.3891,15,,,,,,,,,,,,
1.107,15,,,,,,,,,,,,
0.3823,8,,,,,,,,,,,,
1.8081,29,,,,,,,,,,,,
1.113,15,,,,,,,,,,,,
0.4129,15,,,,,,,,,,,,
1.145,22,,,,,,,,,,,,
0.3851,8,,,,,,,,,,,,
1.8092,29,,,,,,,,,,,,
1.1081,15,,,,,,,,,,,,
1.1446,22,,,,,,,,,,,,
0.3563,15,,,,,,,,,,,,
1.8062,29,,,,,,,,,,,,
1.1454,22,,,,,,,,,,,,
0.3884,15,,,,,,,,,,,,
1.1451,22,,,,,,,,,,,,
1.8067,29,,,,,,,,,,,,
1.1495,22,,,,,,,,,,,,
0.3454,15,,,,,,,,,,,,
1.093,15,,,,,,,,,,,,
0.6524,15,,,,,,,,,,,,
1.1467,22,,,,,,,,,,,,
0.3992,8,,,,,,,,,,,,
0.4167,15,,,,,,,,,,,,
1.0845,15,,,,,,,,,,,,
0.3528,15,,,,,,,,,,,,
0.4195,8,,,,,,,,,,,,
1.1369,22,,,,,,,,,,,,
0.3812,22,,,,,,,,,,,,
1.0944,15,,,,,,,,,,,,
0.3926,15,,,,,,,,,,,,
1.8068,29,,,,,,,,,,,,
1.1074,15,,,,,,,,,,,,
1.1483,22,,,,,,,,,,,,
0.4063,15,,,,,,,,,,,,
1.138,22,,,,,,,,,,,,
0.4126,22,,,,,,,,,,,,
1.1449,22,,,,,,,,,,,,
1.1126,15,,,,,,,,,,,,
0.3591,22,,,,,,,,,,,,
1.1425,22,,,,,,,,,,,,
0.3663,15,,,,,,,,,,,,
0.3552,22,,,,,,,,,,,,
1.1465,22,,,,,,,,,,,,
1.105,15,,,,,,,,,,,,
1.806,29,,,,,,,,,,,,
1.1455,22,,,,,,,,,,,,
1.8073,29,,,,,,,,,,,,
0.6501,15,,,,,,,,,,,,
0.291,15,,,,,,,,,,,,
1.144,22,,,,,,,,,,,,
0.4344,22,,,,,,,,,,,,
0.2734,22,,,,,,,,,,,,
0.3854,8,,,,,,,,,,,,
0.4208,15,,,,,,,,,,,,
0.4096,15,,,,,,,,,,,,
1.8098,29,,,,,,,,,,,,
1.1458,22,,,,,,,,,,,,
1.8079,29,,,,,,,,,,,,
0.3485,22,,,,,,,,,,,,
0.3478,15,,,,,,,,,,,,
1.8096,29,,,,,,,,,,,,
1.094,15,,,,,,,,,,,,
1.1413,22,,,,,,,,,,,,
0.3033,15,,,,,,,,,,,,
1.0847,15,,,,,,,,,,,,
0.357,22,,,,,,,,,,,,
1.8077,29,,,,,,,,,,,,
1.1445,22,,,,,,,,,,,,
0.3816,15,,,,,,,,,,,,
1.1377,22,,,,,,,,,,,,
1.8066,29,,,,,,,,,,,,
0.3026,15,,,,,,,,,,,,
0.3591,22,,,,,,,,,,,,
1.1438,22,,,,,,,,,,,,
1.8103,29,,,,,,,,,,,,
0.2964,8,,,,,,,,,,,,
1.8095,29,,,,,,,,,,,,
0.2999,15,,,,,,,,,,,,
1.1099,15,,,,,,,,,,,,
0.3534,22,,,,,,,,,,,,
1.1479,22,,,,,,,,,,,,
0.4311,15,,,,,,,,,,,,
1.107,15,,,,,,,,,,,,
0.3574,15,,,,,,,,,,,,
1.1436,22,,,,,,,,,,,,
0.3592,22,,,,,,,,,,,,
1.8093,29,,,,,,,,,,,,
1.1446,22,,,,,,,,,,,,
0.3578,22,,,,,,,,,,,,
0.4207,15,,,,,,,,,,,,
1.8072,29,,,,,,,,,,,,
1.1048,15,,,,,,,,,,,,
0.3536,22,,,,,,,,,,,,
1.1008,15,,,,,,,,,,,,
0.3577,22,,,,,,,,,,,,
0.6531,15,,,,,,,,,,,,
0.3595,15,,,,,,,,,,,,
0.3958,8,,,,,,,,,,,,
1.1426,22,,,,,,,,,,,,
1.0878,15,,,,,,,,,,,,
1.1484,22,,,,,,,,,,,,
0.2742,15,,,,,,,,,,,,
1.1079,15,,,,,,,,,,,,
1.8092,29,,,,,,,,,,,,
1.1453,22,,,,,,,,,,,,
0.411,8,,,,,,,,,,,,
1.8098,29,,,,,,,,,,,,
1.1469,22,,,,,,,,,,,,
0.3599,22,,,,,,,,,,,,
1.1485,22,,,,,,,,,,,,
1.1042,15,,,,,,,,,,,,
1.8087,29,,,,,,,,,,,,
0.3509,22,,,,,,,,,,,,
0.4141,8,,,,,,,,,,,,
0.3541,15,,,,,,,,,,,,
1.1422,22,,,,,,,,,,,,
0.3544,15,,,,,,,,,,,,
1.0035,15,,,,,,,,,,,,
0.424,8,,,,,,,,,,,,
0.4067,15,,,,,,,,,,,,
1.8071,29,,,,,,,,,,,,
0.4319,22,,,,,,,,,,,,
1.1448,22,,,,,,,,,,,,
1.808,29,,,,,,,,,,,,
1.1381,22,,,,,,,,,,,,
0.3543,22,,,,,,,,,,,,
0.4275,15,,,,,,,,,,,,
1.8092,29,,,,,,,,,,,,
0.4168,15,,,,,,,,,,,,
0.9414,15,,,,,,,,,,,,
1.8061,29,,,,,,,,,,,,
1.8085,29,,,,,,,,,,,,
1.1466,22,,,,,,,,,,,,
0.4039,15,,,,,,,,,,,,
0.537,8,,,,,,,,,,,,
1.1362,22,,,,,,,,,,,,
0.3888,22,,,,,,,,,,,,
0.3535,15,,,,,,,,,,,,
1.0021,15,,,,,,,,,,,,
1.8089,29,,,,,,,,,,,,
0.4076,8,,,,,,,,,,,,
1.1438,22,,,,,,,,,,,,
1.8079,29,,,,,,,,,,,,
1.1445,22,,,,,,,,,,,,
0.4149,8,,,,,,,,,,,,
0.3592,15,,,,,,,,,,,,
0.4165,22,,,,,,,,,,,,
1.1454,22,,,,,,,,,,,,
1.1237,15,,,,,,,,,,,,
1.1472,22,,,,,,,,,,,,
0.3535,8,,,,,,,,,,,,
1.104,15,,,,,,,,,,,,
0.3583,22,,,,,,,,,,,,
0.3978,15,,,,,,,,,,,,
1.1396,22,,,,,,,,,,,,
0.3917,15,,,,,,,,,,,,
0.2782,15,,,,,,,,,,,,
1.808,29,,,,,,,,,,,,
1.1426,22,,,,,,,,,,,,
0.4345,22,,,,,,,,,,,,
1.1418,22,,,,,,,,,,,,
0.4306,22,,,,,,,,,,,,
1.0947,15,,,,,,,,,,,,
0.4209,8,,,,,,,,,,,,
1.1427,22,,,,,,,,,,,,
1.8091,29,,,,,,,,,,,,
0.3916,8,,,,,,,,,,,,
1.81,29,,,,,,,,,,,,
1.8101,29,,,,,,,,,,,,
1.1446,22,,,,,,,,,,,,
1.103,15,,,,,,,,,,,,
1.1095,15,,,,,,,,,,,,
1.1495,22,,,,,,,,,,,,
0.276,22,,,,,,,,,,,,
0.2937,8,,,,,,,,,,,,
1.1114,15,,,,,,,,,,,,
1.1458,22,,,,,,,,,,,,
0.3583,15,,,,,,,,,,,,
1.8093,29,,,,,,,,,,,,
1.1042,15,,,,,,,,,,,,
0.3037,15,,,,,,,,,,,,
1.1461,22,,,,,,,,,,,,
1.1469,22,,,,,,,,,,,,
1.0009,15,,,,,,,,,,,,
1.135,22,,,,,,,,,,,,
1.1804,22,,,,,,,,,,,,
0.3583,22,,,,,,,,,,,,
1.1063,15,,,,,,,,,,,,
1.1808,22,,,,,,,,,,,,
1.0352,15,,,,,,,,,,,,
1.1434,22,,,,,,,,,,,,
0.3925,15,,,,,,,,,,,,
1.808,29,,,,,,,,,,,,
1.1137,15,,,,,,,,,,,,
1.8096,29,,,,,,,,,,,,
1.1448,22,,,,,,,,,,,,
1.8093,29,,,,,,,,,,,,
1.1438,22,,,,,,,,,,,,
1.8073,29,,,,,,,,,,,,
1.1958,22,,,,,,,,,,,,
0.4222,15,,,,,,,,,,,,
0.4321,22,,,,,,,,,,,,
1.8075,29,,,,,,,,,,,,
1.1449,22,,,,,,,,,,,,
1.1808,22,,,,,,,,,,,,
0.4258,8,,,,,,,,,,,,
0.3918,15,,,,,,,,,,,,
0.4178,22,,,,,,,,,,,,
0.4222,15,,,,,,,,,,,,
1.8086,29,,,,,,,,,,,,
0.432,15,,,,,,,,,,,,
0.3938,22,,,,,,,,,,,,
1.1176,15,,,,,,,,,,,,
0.3937,8,,,,,,,,,,,,
0.3597,22,,,,,,,,,,,,
1.0836,15,,,,,,,,,,,,
0.4304,22,,,,,,,,,,,,
0.2945,8,,,,,,,,,,,,
0.4286,22,,,,,,,,,,,,
1.1098,15,,,,,,,,,,,,
0.3583,22,,,,,,,,,,,,
1.148,22,,,,,,,,,,,,
1.8083,29,,,,,,,,,,,,
0.3588,22,,,,,,,,,,,,
0.4287,8,,,,,,,,,,,,
1.089,15,,,,,,,,,,,,
1.1463,22,,,,,,,,,,,,
0.4106,15,,,,,,,,,,,,
1.17,22,,,,,,,,,,,,
0.352,15,,,,,,,,,,,,
0.3576,22,,,,,,,,,,,,
1.1381,22,,,,,,,,,,,,
0.3499,8,,,,,,,,,,,,
1.0043,15,,,,,,,,,,,,
1.8089,29,,,,,,,,,,,,
1.1357,22,,,,,,,,,,,,
0.3901,8,,,,,,,,,,,,
0.4324,22,,,,,,,,,,,,
0.359,22,,,,,,,,,,,,
0.3032,15,,,,,,,,,,,,
1.1433,22,,,,,,,,,,,,
1.1118,15,,,,,,,,,,,,
0.9583,15,,,,,,,,,,,,
0.3583,22,,,,,,,,,,,,
0.3522,15,,,,,,,,,,,,
1.1115,15,,,,,,,,,,,,
0.408,15,,,,,,,,,,,,
1.8088,29,,,,,,,,,,,,
0.391,8,,,,,,,,,,,,
1.078,15,,,,,,,,,,,,
0.2772,22,,,,,,,,,,,,
1.1436,22,,,,,,,,,,,,
0.4297,8,,,,,,,,,,,,
0.4116,15,,,,,,,,,,,,
1.1452,22,,,,,,,,,,,,
1.1457,22,,,,,,,,,,,,
1.0918,15,,,,,,,,,,,,
1.8078,29,,,,,,,,,,,,
0.3604,22,,,,,,,,,,,,
0.4312,15,,,,,,,,,,,,
1.1462,22,,,,,,,,,,,,
0.2829,22,,,,,,,,,,,,
0.339,15,,,,,,,,,,,,
1.8083,29,,,,,,,,,,,,
1.1445,22,,,,,,,,,,,,
0.4269,22,,,,,,,,,,,,
1.1376,22,,,,,,,,,,,,
0.653,15,,,,,,,,,,,,
1.1467,22,,,,,,,,,,,,
1.8089,29,,,,,,,,,,,,
0.4296,22,,,,,,,,,,,,
1.1037,15,,,,,,,,,,,,
0.4102,15,,,,,,,,,,,,
0.3832,22,,,,,,,,,,,,
1.1443,22,,,,,,,,,,,,
0.3691,15,,,,,,,,,,,,
0.4224,8,,,,,,,,,,,,
1.1013,15,,,,,,,,,,,,
1.1403,22,,,,,,,,,,,,
1.1457,22,,,,,,,,,,,,
0.4307,22,,,,,,,,,,,,
1.1476,22,,,,,,,,,,,,
1.0976,15,,,,,,,,,,,,
0.4194,22,,,,,,,,,,,,
1.1411,22,,,,,,,,,,,,
0.3572,15,,,,,,,,,,,,
1.1039,15,,,,,,,,,,,,
0.4196,8,,,,,,,,,,,,
0.3587,15,,,,,,,,,,,,
1.1481,22,,,,,,,,,,,,
0.3795,22,,,,,,,,,,,,
0.3478,15,,,,,,,,,,,,
1.1232,15,,,,,,,,,,,,
0.3569,15,,,,,,,,,,,,
0.3565,8,,,,,,,,,,,,
1.1388,22,,,,,,,,,,,,
1.0879,15,,,,,,,,,,,,
0.3528,22,,,,,,,,,,,,
1.8089,29,,,,,,,,,,,,
0.9598,15,,,,,,,,,,,,
0.4197,15,,,,,,,,,,,,
0.3609,22,,,,,,,,,,,,
1.8062,29,,,,,,,,,,,,
0.4204,15,,,,,,,,,,,,
1.1819,22,,,,,,,,,,,,
1.0374,15,,,,,,,,,,,,
0.3545,15,,,,,,,,,,,,
1.8061,29,,,,,,,,,,,,
1.1441,22,,,,,,,,,,,,
0.3542,15,,,,,,,,,,,,
1.1463,22,,,,,,,,,,,,
0.3916,8,,,,,,,,,,,,
1.8095,29,,,,,,,,,,,,
0.3544,15,,,,,,,,,,,,
0.2754,22,,,,,,,,,,,,
1.0907,15,,,,,,,,,,,,
0.3529,8,,,,,,,,,,,,
1.8087,29,,,,,,,,,,,,
0.353,15,,,,,,,,,,,,
0.2906,8,,,,,,,,,,,,
1.8075,29,,,,,,,,,,,,
0.4037,22,,,,,,,,,,,,
0.4135,15,,,,,,,,,,,,
1.1482,22,,,,,,,,,,,,
0.4012,8,,,,,,,,,,,,
0.3548,22,,,,,,,,,,,,
1.8061,29,,,,,,,,,,,,
0.359,22,,,,,,,,,,,,
0.3931,15,,,,,,,,,,,,
1.8086,29,,,,,,,,,,,,
1.1446,22,,,,,,,,,,,,
1.0928,15,,,,,,,,,,,,
0.4122,15,,,,,,,,,,,,
0.336,22,,,,,,,,,,,,
1.1498,22,,,,,,,,,,,,
0.4206,8,,,,,,,,,,,,
1.1469,22,,,,,,,,,,,,
0.3577,22,,,,,,,,,,,,
0.4077,8,,,,,,,,,,,,
1.1047,15,,,,,,,,,,,,
1.1416,22,,,,,,,,,,,,
0.394,15,,,,,,,,,,,,
1.1061,15,,,,,,,,,,,,
0.4174,8,,,,,,,,,,,,
1.1456,22,,,,,,,,,,,,
0.3852,15,,,,,,,,,,,,
1.1435,22,,,,,,,,,,,,
1.8074,29,,,,,,,,,,,,
0.4307,22,,,,,,,,,,,,
1.1402,22,,,,,,,,,,,,
0.3992,22,,,,,,,,,,,,
0.3915,8,,,,,,,,,,,,
1.1449,22,,,,,,,,,,,,
0.3995,15,,,,,,,,,,,,
1.1462,22,,,,,,,,,,,,
1.0948,15,,,,,,,,,,,,
1.8091,29,,,,,,,,,,,,
0.4047,15,,,,,,,,,,,,
0.4054,22,,,,,,,,,,,,
1.8091,29,,,,,,,,,,,,
0.4178,15,,,,,,,,,,,,
1.1171,15,,,,,,,,,,,,
1.8091,29,,,,,,,,,,,,
0.3506,8,,,,,,,,,,,,
1.1469,22,,,,,,,,,,,,
1.1071,15,,,,,,,,,,,,
1.8096,29,,,,,,,,,,,,
1.8072,29,,,,,,,,,,,,
1.1396,22,,,,,,,,,,,,
0.2835,8,,,,,,,,,,,,
1.8077,29,,,,,,,,,,,,
0.3927,22,,,,,,,,,,,,
0.3904,15,,,,,,,,,,,,
1.1003,15,,,,,,,,,,,,
0.4277,22,,,,,,,,,,,,
1.8092,29,,,,,,,,,,,,
0.3595,22,,,,,,,,,,,,
0.3903,8,,,,,,,,,,,,
0.412,15,,,,,,,,,,,,
1.1448,22,,,,,,,,,,,,
0.4324,22,,,,,,,,,,,,
1.8094,29,,,,,,,,,,,,
1.1461,22,,,,,,,,,,,,
0.3602,15,,,,,,,,,,,,
1.8079,29,,,,,,,,,,,,
1.1417,22,,,,,,,,,,,,
0.3527,15,,,,,,,,,,,,
1.1471,22,,,,,,,,,,,,
1.1441,22,,,,,,,,,,,,
0.349,8,,,,,,,,,,,,
0.4137,15,,,,,,,,,,,,
1.1442,22,,,,,,,,,,,,
0.3591,22,,,,,,,,,,,,
1.8089,29,,,,,,,,,,,,
1.1073,15,,,,,,,,,,,,
0.4122,22,,,,,,,,,,,,
1.1383,22,,,,,,,,,,,,
0.3572,22,,,,,,,,,,,,
1.1298,22,,,,,,,,,,,,
1.1088,15,,,,,,,,,,,,
1.8095,29,,,,,,,,,,,,
0.3535,15,,,,,,,,,,,,
0.4243,15,,,,,,,,,,,,
1.1425,22,,,,,,,,,,,,
1.8068,29,,,,,,,,,,,,
0.3923,8,,,,,,,,,,,,
1.145,22,,,,,,,,,,,,
0.3579,15,,,,,,,,,,,,
0.4229,22,,,,,,,,,,,,
1.1436,22,,,,,,,,,,,,
0.3581,22,,,,,,,,,,,,
0.2932,8,,,,,,,,,,,,
1.1071,15,,,,,,,,,,,,
0.3956,15,,,,,,,,,,,,
0.4313,15,,,,,,,,,,,,
0.359,22,,,,,,,,,,,,
1.1102,15,,,,,,,,,,,,
0.3588,22,,,,,,,,,,,,
1.0983,15,,,,,,,,,,,,
0.3608,22,,,,,,,,,,,,
1.1461,22,,,,,,,,,,,,
0.4038,15,,,,,,,,,,,,
1.1466,22,,,,,,,,,,,,
1.0997,15,,,,,,,,,,,,
1.1391,22,,,,,,,,,,,,
0.2741,15,,,,,,,,,,,,
1.1467,22,,,,,,,,,,,,
0.3603,22,,,,,,,,,,,,
1.1441,22,,,,,,,,,,,,
1.8076,29,,,,,,,,,,,,
0.2731,22,,,,,,,,,,,,
0.4306,15,,,,,,,,,,,,
1.1422,22,,,,,,,,,,,,
1.082,15,,,,,,,,,,,,
0.3514,22,,,,,,,,,,,,
0.4109,8,,,,,,,,,,,,
0.3575,15,,,,,,,,,,,,
1.1047,15,,,,,,,,,,,,
0.3753,15,,,,,,,,,,,,
1.147,22,,,,,,,,,,,,
0.3577,22,,,,,,,,,,,,
0.4249,8,,,,,,,,,,,,
0.3602,22,,,,,,,,,,,,
0.3543,15,,,,,,,,,,,,
0.6531,15,,,,,,,,,,,,
1.8083,29,,,,,,,,,,,,
1.807,29,,,,,,,,,,,,
0.2763,22,,,,,,,,,,,,
1.139,22,,,,,,,,,,,,
0.3536,8,,,,,,,,,,,,
1.1086,15,,,,,,,,,,,,
1.1478,22,,,,,,,,,,,,
0.3241,8,,,,,,,,,,,,
0.3511,15,,,,,,,,,,,,
1.8091,29,,,,,,,,,,,,
1.1407,22,,,,,,,,,,,,
0.425,15,,,,,,,,,,,,
1.8098,29,,,,,,,,,,,,
0.3563,15,,,,,,,,,,,,
0.4197,22,,,,,,,,,,,,
1.1414,22,,,,,,,,,,,,
0.4253,8,,,,,,,,,,,,
1.1434,22,,,,,,,,,,,,
0.3567,22,,,,,,,,,,,,
1.1424,22,,,,,,,,,,,,
0.283,15,,,,,,,,,,,,
0.2747,8,,,,,,,,,,,,
0.3591,22,,,,,,,,,,,,
1.1384,22,,,,,,,,,,,,
0.3994,15,,,,,,,,,,,,
1.8085,29,,,,,,,,,,,,
0.3571,15,,,,,,,,,,,,
0.4131,8,,,,,,,,,,,,
1.138,22,,,,,,,,,,,,
0.3562,22,,,,,,,,,,,,
1.0838,15,,,,,,,,,,,,
0.3883,15,,,,,,,,,,,,
0.9627,15,,,,,,,,,,,,
1.1477,22,,,,,,,,,,,,
0.3602,22,,,,,,,,,,,,
0.9431,15,,,,,,,,,,,,
0.3543,22,,,,,,,,,,,,
1.1758,22,,,,,,,,,,,,
1.0878,15,,,,,,,,,,,,
1.1423,22,,,,,,,,,,,,
1.8091,29,,,,,,,,,,,,
0.4275,15,,,,,,,,,,,,
1.0387,15,,,,,,,,,,,,
0.2787,22,,,,,,,,,,,,
1.8067,29,,,,,,,,,,,,
0.2953,8,,,,,,,,,,,,
1.0883,15,,,,,,,,,,,,
1.1048,15,,,,,,,,,,,,
0.3931,15,,,,,,,,,,,,
1.8075,29,,,,,,,,,,,,
1.1389,22,,,,,,,,,,,,
0.3582,22,,,,,,,,,,,,
0.394,15,,,,,,,,,,,,
0.3564,22,,,,,,,,,,,,
0.387,22,,,,,,,,,,,,
1.1448,22,,,,,,,,,,,,
0.5036,8,,,,,,,,,,,,
0.9601,15,,,,,,,,,,,,
1.8103,29,,,,,,,,,,,,
0.2965,8,,,,,,,,,,,,
0.3564,22,,,,,,,,,,,,
1.1408,22,,,,,,,,,,,,
0.3566,22,,,,,,,,,,,,
1.8095,29,,,,,,,,,,,,
1.8073,29,,,,,,,,,,,,
1.148,22,,,,,,,,,,,,
0.2683,15,,,,,,,,,,,,
1.1482,22,,,,,,,,,,,,
0.3571,15,,,,,,,,,,,,
1.0886,15,,,,,,,,,,,,
0.395,15,,,,,,,,,,,,
0.3594,22,,,,,,,,,,,,
0.3519,15,,,,,,,,,,,,
1.1461,22,,,,,,,,,,,,
1.1102,15,,,,,,,,,,,,
0.3501,22,,,,,,,,,,,,
0.4177,8,,,,,,,,,,,,
1.1429,22,,,,,,,,,,,,
0.3486,22,,,,,,,,,,,,
1.0868,15,,,,,,,,,,,,
0.3861,22,,,,,,,,,,,,
1.1456,22,,,,,,,,,,,,
1.808,29,,,,,,,,,,,,
0.3205,15,,,,,,,,,,,,
0.3592,22,,,,,,,,,,,,
1.0839,15,,,,,,,,,,,,
1.8058,29,,,,,,,,,,,,
1.142,22,,,,,,,,,,,,
1.1479,22,,,,,,,,,,,,
0.3954,15,,,,,,,,,,,,
0.3597,22,,,,,,,,,,,,
0.2808,8,,,,,,,,,,,,
1.8096,29,,,,,,,,,,,,
0.4169,15,,,,,,,,,,,,
0.3531,22,,,,,,,,,,,,
1.1798,22,,,,,,,,,,,,
1.1477,22,,,,,,,,,,,,
0.392,8,,,,,,,,,,,,
1.1343,22,,,,,,,,,,,,
0.4088,15,,,,,,,,,,,,
1.1744,22,,,,,,,,,,,,
1.8086,29,,,,,,,,,,,,
0.3591,22,,,,,,,,,,,,
0.4257,15,,,,,,,,,,,,
1.1484,22,,,,,,,,,,,,
0.4299,22,,,,,,,,,,,,
1.1113,15,,,,,,,,,,,,
1.1393,22,,,,,,,,,,,,
0.4208,15,,,,,,,,,,,,
1.1421,22,,,,,,,,,,,,
1.083,15,,,,,,,,,,,,
0.4315,15,,,,,,,,,,,,
1.1457,22,,,,,,,,,,,,
1.8087,29,,,,,,,,,,,,
0.4024,15,,,,,,,,,,,,
1.1442,22,,,,,,,,,,,,
0.3576,22,,,,,,,,,,,,
1.8093,29,,,,,,,,,,,,
0.2904,8,,,,,,,,,,,,
0.4169,15,,,,,,,,,,,,
0.2757,22,,,,,,,,,,,,
1.1431,22,,,,,,,,,,,,
1.0917,15,,,,,,,,,,,,
0.3951,15,,,,,,,,,,,,
1.8083,29,,,,,,,,,,,,
0.4117,8,,,,,,,,,,,,
0.3001,15,,,,,,,,,,,,
1.1093,15,,,,,,,,,,,,
0.3567,22,,,,,,,,,,,,
1.8093,29,,,,,,,,,,,,
1.1444,22,,,,,,,,,,,,
0.4109,22,,,,,,,,,,,,
1.148,22,,,,,,,,,,,,
1.099,15,,,,,,,,,,,,
1.1449,22,,,,,,,,,,,,
0.4343,22,,,,,,,,,,,,
1.1371,22,,,,,,,,,,,,
0.416,8,,,,,,,,,,,,
1.0836,15,,,,,,,,,,,,
1.1444,22,,,,,,,,,,,,
1.1468,22,,,,,,,,,,,,
1.1425,22,,,,,,,,,,,,
0.4119,15,,,,,,,,,,,,
0.3478,15,,,,,,,,,,,,
1.8089,29,,,,,,,,,,,,
1.1475,22,,,,,,,,,,,,
1.0866,15,,,,,,,,,,,,
0.3017,15,,,,,,,,,,,,
1.8082,29,,,,,,,,,,,,
1.1463,22,,,,,,,,,,,,
0.3571,22,,,,,,,,,,,,
0.4218,15,,,,,,,,,,,,
0.3534,22,,,,,,,,,,,,
1.1422,22,,,,,,,,,,,,
1.148,22,,,,,,,,,,,,
1.8065,29,,,,,,,,,,,,
1.1446,22,,,,,,,,,,,,
0.3592,22,,,,,,,,,,,,
1.1438,22,,,,,,,,,,,,
1.8081,29,,,,,,,,,,,,
1.1462,22,,,,,,,,,,,,
0.361,15,,,,,,,,,,,,
1.0818,15,,,,,,,,,,,,
0.4277,8,,,,,,,,,,,,
1.8096,29,,,,,,,,,,,,
1.0016,15,,,,,,,,,,,,
1.1428,22,,,,,,,,,,,,
0.3534,22,,,,,,,,,,,,
0.391,15,,,,,,,,,,,,
1.1464,22,,,,,,,,,,,,
0.9416,15,,,,,,,,,,,,
1.1469,22,,,,,,,,,,,,
1.1109,15,,,,,,,,,,,,
1.8095,29,,,,,,,,,,,,
0.3588,22,,,,,,,,,,,,
1.1796,22,,,,,,,,,,,,
1.806,29,,,,,,,,,,,,
0.4112,15,,,,,,,,,,,,
0.3498,22,,,,,,,,,,,,
1.1452,22,,,,,,,,,,,,
0.3957,15,,,,,,,,,,,,
0.4111,15,,,,,,,,,,,,
1.0875,15,,,,,,,,,,,,
1.152,22,,,,,,,,,,,,
0.2774,15,,,,,,,,,,,,
0.4052,8,,,,,,,,,,,,
1.8089,29,,,,,,,,,,,,
1.1483,22,,,,,,,,,,,,
1.8097,29,,,,,,,,,,,,
1.1384,22,,,,,,,,,,,,
0.9433,15,,,,,,,,,,,,
1.1446,22,,,,,,,,,,,,
1.8095,29,,,,,,,,,,,,
1.0378,15,,,,,,,,,,,,
0.3503,22,,,,,,,,,,,,
1.1427,22,,,,,,,,,,,,
1.1102,15,,,,,,,,,,,,
1.1377,22,,,,,,,,,,,,
0.427,22,,,,,,,,,,,,
0.4073,15,,,,,,,,,,,,
0.9582,15,,,,,,,,,,,,
0.4062,8,,,,,,,,,,,,
1.1266,15,,,,,,,,,,,,
0.4085,15,,,,,,,,,,,,
1.1462,22,,,,,,,,,,,,
1.8065,29,,,,,,,,,,,,
0.3846,22,,,,,,,,,,,,
0.377,15,,,,,,,,,,,,
1.1469,22,,,,,,,,,,,,
1.8075,29,,,,,,,,,,,,
0.4243,8,,,,,,,,,,,,
1.1102,15,,,,,,,,,,,,
1.1379,22,,,,,,,,,,,,
1.8098,29,,,,,,,,,,,,
0.3481,22,,,,,,,,,,,,
0.3939,15,,,,,,,,,,,,
1.137,22,,,,,,,,,,,,
0.4268,8,,,,,,,,,,,,
1.8086,29,,,,,,,,,,,,
1.8097,29,,,,,,,,,,,,
0.3551,8,,,,,,,,,,,,
1.1419,22,,,,,,,,,,,,
0.3601,22,,,,,,,,,,,,
1.8074,29,,,,,,,,,,,,
0.957,15,,,,,,,,,,,,
1.1476,22,,,,,,,,,,,,
1.15,22,,,,,,,,,,,,
1.1445,22,,,,,,,,,,,,
0.2914,15,,,,,,,,,,,,
1.809,29,,,,,,,,,,,,
1.8078,29,,,,,,,,,,,,
0.4157,15,,,,,,,,,,,,
1.1462,22,,,,,,,,,,,,
0.4201,15,,,,,,,,,,,,
0.2754,22,,,,,,,,,,,,
1.8084,29,,,,,,,,,,,,
1.0392,15,,,,,,,,,,,,
1.1469,22,,,,,,,,,,,,
1.0947,15,,,,,,,,,,,,
0.394,8,,,,,,,,,,,,
0.4,15,,,,,,,,,,,,
1.8078,29,,,,,,,,,,,,
0.4214,8,,,,,,,,,,,,
1.0821,15,,,,,,,,,,,,
0.4296,22,,,,,,,,,,,,
1.8078,29,,,,,,,,,,,,
0.3597,22,,,,,,,,,,,,
0.3028,8,,,,,,,,,,,,
0.3766,22,,,,,,,,,,,,
0.4176,15,,,,,,,,,,,,
1.8095,29,,,,,,,,,,,,
1.1384,22,,,,,,,,,,,,
0.4075,15,,,,,,,,,,,,
1.1397,22,,,,,,,,,,,,
0.4146,8,,,,,,,,,,,,
0.4259,15,,,,,,,,,,,,
1.8062,29,,,,,,,,,,,,
0.4204,15,,,,,,,,,,,,
0.3129,15,,,,,,,,,,,,
1.1094,15,,,,,,,,,,,,
1.1095,15,,,,,,,,,,,,
1.8081,29,,,,,,,,,,,,
0.4191,22,,,,,,,,,,,,
1.113,15,,,,,,,,,,,,
1.8081,29,,,,,,,,,,,,
1.1411,22,,,,,,,,,,,,
1.8098,29,,,,,,,,,,,,
1.0895,15,,,,,,,,,,,,
0.368,8,,,,,,,,,,,,
1.8092,29,,,,,,,,,,,,
1.1365,22,,,,,,,,,,,,
1.0887,15,,,,,,,,,,,,
1.1421,22,,,,,,,,,,,,
0.235,15,,,,,,,,,,,,
0.3699,22,,,,,,,,,,,,
1.1098,15,,,,,,,,,,,,
0.3566,15,,,,,,,,,,,,
1.0864,15,,,,,,,,,,,,
1.1468,22,,,,,,,,,,,,
0.4079,8,,,,,,,,,,,,
1.106,15,,,,,,,,,,,,
1.1492,22,,,,,,,,,,,,
0.4274,15,,,,,,,,,,,,
1.1106,15,,,,,,,,,,,,
1.8091,29,,,,,,,,,,,,
1.1793,22,,,,,,,,,,,,
0.3946,15,,,,,,,,,,,,
0.3589,22,,,,,,,,,,,,
0.285,15,,,,,,,,,,,,
0.4261,8,,,,,,,,,,,,
1.1394,22,,,,,,,,,,,,
0.3536,22,,,,,,,,,,,,
1.8088,29,,,,,,,,,,,,
0.3565,15,,,,,,,,,,,,
0.3516,22,,,,,,,,,,,,
0.3589,15,,,,,,,,,,,,
1.8076,29,,,,,,,,,,,,
0.2926,15,,,,,,,,,,,,
1.1442,22,,,,,,,,,,,,
1.1458,22,,,,,,,,,,,,
1.808,29,,,,,,,,,,,,
0.3562,15,,,,,,,,,,,,
1.1412,22,,,,,,,,,,,,
0.4102,8,,,,,,,,,,,,
0.4322,22,,,,,,,,,,,,
1.1808,22,,,,,,,,,,,,
0.9542,15,,,,,,,,,,,,
1.1449,22,,,,,,,,,,,,
0.3923,8,,,,,,,,,,,,
1.1433,22,,,,,,,,,,,,
1.1509,22,,,,,,,,,,,,
1.8095,29,,,,,,,,,,,,
0.3784,22,,,,,,,,,,,,
1.1451,22,,,,,,,,,,,,
1.038,15,,,,,,,,,,,,
1.1464,22,,,,,,,,,,,,
0.4109,22,,,,,,,,,,,,
1.1422,22,,,,,,,,,,,,
1.8059,29,,,,,,,,,,,,
0.349,15,,,,,,,,,,,,
1.8088,29,,,,,,,,,,,,
0.4241,15,,,,,,,,,,,,
1.1482,22,,,,,,,,,,,,
1.185,22,,,,,,,,,,,,
1.1438,22,,,,,,,,,,,,
0.4211,15,,,,,,,,,,,,
0.4139,15,,,,,,,,,,,,
1.8069,29,,,,,,,,,,,,
1.1464,22,,,,,,,,,,,,
0.4283,22,,,,,,,,,,,,
1.1495,22,,,,,,,,,,,,
1.81,29,,,,,,,,,,,,
0.2789,22,,,,,,,,,,,,
0.417,8,,,,,,,,,,,,
0.3598,22,,,,,,,,,,,,
0.3377,15,,,,,,,,,,,,
1.1066,15,,,,,,,,,,,,
1.145,22,,,,,,,,,,,,
0.3991,15,,,,,,,,,,,,
0.3581,22,,,,,,,,,,,,
1.1075,15,,,,,,,,,,,,
1.8072,29,,,,,,,,,,,,
0.4301,8,,,,,,,,,,,,
1.1785,22,,,,,,,,,,,,
1.1035,15,,,,,,,,,,,,
0.3817,22,,,,,,,,,,,,
0.392,15,,,,,,,,,,,,
1.1451,22,,,,,,,,,,,,
0.3562,15,,,,,,,,,,,,
1.8092,29,,,,,,,,,,,,
1.1455,22,,,,,,,,,,,,
1.1445,22,,,,,,,,,,,,
0.3177,15,,,,,,,,,,,,
1.1494,22,,,,,,,,,,,,
1.0205,15,,,,,,,,,,,,
0.418,15,,,,,,,,,,,,
1.8104,29,,,,,,,,,,,,
0.2899,15,,,,,,,,,,,,
1.8058,29,,,,,,,,,,,,
0.4197,15,,,,,,,,,,,,
1.1469,22,,,,,,,,,,,,
1.1058,15,,,,,,,,,,,,
0.4134,8,,,,,,,,,,,,
0.945,15,,,,,,,,,,,,
0.3185,22,,,,,,,,,,,,
0.2915,15,,,,,,,,,,,,
1.8096,29,,,,,,,,,,,,
0.6681,15,,,,,,,,,,,,
0.354,8,,,,,,,,,,,,
1.1463,22,,,,,,,,,,,,
0.4198,8,,,,,,,,,,,,
0.4178,15,,,,,,,,,,,,
0.4014,15,,,,,,,,,,,,
1.8093,29,,,,,,,,,,,,
1.1399,22,,,,,,,,,,,,
0.3515,22,,,,,,,,,,,,
0.4316,15,,,,,,,,,,,,
1.0884,15,,,,,,,,,,,,
1.1453,22,,,,,,,,,,,,
0.3659,8,,,,,,,,,,,,
0.3493,15,,,,,,,,,,,,
0.4029,15,,,,,,,,,,,,
1.8096,29,,,,,,,,,,,,
0.3529,8,,,,,,,,,,,,
1.1111,15,,,,,,,,,,,,
0.2893,15,,,,,,,,,,,,
1.1452,22,,,,,,,,,,,,
0.3884,15,,,,,,,,,,,,
1.1468,22,,,,,,,,,,,,
0.3843,22,,,,,,,,,,,,
0.3924,15,,,,,,,,,,,,
1.1438,22,,,,,,,,,,,,
0.3589,22,,,,,,,,,,,,
1.145,22,,,,,,,,,,,,
0.3549,8,,,,,,,,,,,,
0.6496,15,,,,,,,,,,,,
1.8088,29,,,,,,,,,,,,
0.392,8,,,,,,,,,,,,
0.3712,22,,,,,,,,,,,,
1.144,22,,,,,,,,,,,,
1.1359,22,,,,,,,,,,,,
1.8098,29,,,,,,,,,,,,
0.4303,22,,,,,,,,,,,,
0.2902,8,,,,,,,,,,,,
0.4199,15,,,,,,,,,,,,
1.0436,15,,,,,,,,,,,,
1.1449,22,,,,,,,,,,,,
0.2873,15,,,,,,,,,,,,
1.0956,15,,,,,,,,,,,,
1.1386,22,,,,,,,,,,,,
0.3002,15,,,,,,,,,,,,
1.1015,15,,,,,,,,,,,,
0.3591,15,,,,,,,,,,,,
1.1454,22,,,,,,,,,,,,
0.3601,22,,,,,,,,,,,,
0.4069,15,,,,,,,,,,,,
0.3929,15,,,,,,,,,,,,
0.4173,8,,,,,,,,,,,,
1.1412,22,,,,,,,,,,,,
1.1097,15,,,,,,,,,,,,
1.8077,29,,,,,,,,,,,,
0.3827,22,,,,,,,,,,,,
0.3904,15,,,,,,,,,,,,
1.8098,29,,,,,,,,,,,,
0.407,15,,,,,,,,,,,,
1.1107,15,,,,,,,,,,,,
1.1472,22,,,,,,,,,,,,
1.8077,29,,,,,,,,,,,,
1.1063,15,,,,,,,,,,,,
1.1457,22,,,,,,,,,,,,
1.1445,22,,,,,,,,,,,,
1.0961,15,,,,,,,,,,,,
0.3563,15,,,,,,,,,,,,
1.1108,15,,,,,,,,,,,,
0.4232,8,,,,,,,,,,,,
0.3585,22,,,,,,,,,,,,
1.1452,22,,,,,,,,,,,,
1.1105,15,,,,,,,,,,,,
1.1423,22,,,,,,,,,,,,
1.1445,22,,,,,,,,,,,,
0.3872,15,,,,,,,,,,,,
0.4181,22,,,,,,,,,,,,
1.1079,15,,,,,,,,,,,,
0.3917,15,,,,,,,,,,,,
0.4127,15,,,,,,,,,,,,
1.1467,22,,,,,,,,,,,,
1.1427,22,,,,,,,,,,,,
0.3914,15,,,,,,,,,,,,
1.8094,29,,,,,,,,,,,,
0.3576,22,,,,,,,,,,,,
0.3527,15,,,,,,,,,,,,
1.8099,29,,,,,,,,,,,,
1.1473,22,,,,,,,,,,,,
0.4159,15,,,,,,,,,,,,
0.3551,15,,,,,,,,,,,,
1.0848,15,,,,,,,,,,,,
0.4199,15,,,,,,,,,,,,
1.1085,15,,,,,,,,,,,,
0.4201,8,,,,,,,,,,,,
0.3499,22,,,,,,,,,,,,
0.2848,15,,,,,,,,,,,,
1.0897,15,,,,,,,,,,,,
1.1459,22,,,,,,,,,,,,
0.3383,8,,,,,,,,,,,,
1.1446,22,,,,,,,,,,,,
0.3504,22,,,,,,,,,,,,
1.8094,29,,,,,,,,,,,,
0.3497,8,,,,,,,,,,,,
0.4172,22,,,,,,,,,,,,
0.3548,8,,,,,,,,,,,,
1.8092,29,,,,,,,,,,,,
1.143,22,,,,,,,,,,,,
1.1442,22,,,,,,,,,,,,
0.4307,22,,,,,,,,,,,,
1.1467,22,,,,,,,,,,,,
0.3589,22,,,,,,,,,,,,
0.3543,8,,,,,,,,,,,,
0.2978,15,,,,,,,,,,,,
1.0837,15,,,,,,,,,,,,
0.4003,15,,,,,,,,,,,,
0.2861,8,,,,,,,,,,,,
0.4232,15,,,,,,,,,,,,
1.0866,15,,,,,,,,,,,,
0.3833,8,,,,,,,,,,,,
1.8085,29,,,,,,,,,,,,
0.3592,22,,,,,,,,,,,,
0.3569,15,,,,,,,,,,,,
1.0832,15,,,,,,,,,,,,
0.3598,22,,,,,,,,,,,,
0.3889,15,,,,,,,,,,,,
1.8062,29,,,,,,,,,,,,
1.1468,22,,,,,,,,,,,,
0.3966,15,,,,,,,,,,,,
0.3589,22,,,,,,,,,,,,
0.3498,15,,,,,,,,,,,,
0.423,22,,,,,,,,,,,,
1.1487,22,,,,,,,,,,,,
0.3511,22,,,,,,,,,,,,
1.1455,22,,,,,,,,,,,,
0.3562,15,,,,,,,,,,,,
0.4251,8,,,,,,,,,,,,
0.3988,15,,,,,,,,,,,,
0.3498,8,,,,,,,,,,,,
0.36,22,,,,,,,,,,,,
0.4199,15,,,,,,,,,,,,
1.1471,22,,,,,,,,,,,,
0.4028,15,,,,,,,,,,,,
1.1476,22,,,,,,,,,,,,
0.3582,15,,,,,,,,,,,,
0.4184,15,,,,,,,,,,,,
0.4108,22,,,,,,,,,,,,
0.3495,15,,,,,,,,,,,,
1.1473,22,,,,,,,,,,,,
0.3577,8,,,,,,,,,,,,
0.3486,15,,,,,,,,,,,,
1.1452,22,,,,,,,,,,,,
1.1464,22,,,,,,,,,,,,
0.4241,15,,,,,,,,,,,,
0.4277,22,,,,,,,,,,,,
1.1063,15,,,,,,,,,,,,
0.4203,8,,,,,,,,,,,,
1.1455,22,,,,,,,,,,,,
0.4058,8,,,,,,,,,,,,
1.8071,29,,,,,,,,,,,,
0.3578,15,,,,,,,,,,,,
1.1456,22,,,,,,,,,,,,
1.0834,15,,,,,,,,,,,,
0.4138,15,,,,,,,,,,,,
1.146,22,,,,,,,,,,,,
1.808,29,,,,,,,,,,,,
1.1399,22,,,,,,,,,,,,
1.0891,15,,,,,,,,,,,,
0.3385,8,,,,,,,,,,,,
1.1114,15,,,,,,,,,,,,
1.8086,29,,,,,,,,,,,,
1.0022,15,,,,,,,,,,,,
1.1416,22,,,,,,,,,,,,
1.8087,29,,,,,,,,,,,,
0.3901,15,,,,,,,,,,,,
0.4202,15,,,,,,,,,,,,
1.1451,22,,,,,,,,,,,,
1.0835,15,,,,,,,,,,,,
0.3533,22,,,,,,,,,,,,
0.3056,8,,,,,,,,,,,,
0.4007,15,,,,,,,,,,,,
1.1438,22,,,,,,,,,,,,
1.1393,22,,,,,,,,,,,,
1.1062,15,,,,,,,,,,,,
1.1494,22,,,,,,,,,,,,
1.1038,15,,,,,,,,,,,,
0.3008,8,,,,,,,,,,,,
0.4058,15,,,,,,,,,,,,
1.1488,22,,,,,,,,,,,,
1.0919,15,,,,,,,,,,,,
1.18,22,,,,,,,,,,,,
0.268,15,,,,,,,,,,,,
1.1428,22,,,,,,,,,,,,
0.4118,8,,,,,,,,,,,,
1.1392,22,,,,,,,,,,,,
0.3746,15,,,,,,,,,,,,
0.4,15,,,,,,,,,,,,
0.3563,15,,,,,,,,,,,,
0.363,8,,,,,,,,,,,,
0.3554,15,,,,,,,,,,,,
1.0387,15,,,,,,,,,,,,
1.1487,22,,,,,,,,,,,,
1.8067,29,,,,,,,,,,,,
0.3962,15,,,,,,,,,,,,
0.2993,8,,,,,,,,,,,,
1.1398,22,,,,,,,,,,,,
0.3578,22,,,,,,,,,,,,
0.3857,22,,,,,,,,,,,,
1.1467,22,,,,,,,,,,,,
0.3553,15,,,,,,,,,,,,
0.4071,15,,,,,,,,,,,,
0.3535,22,,,,,,,,,,,,
0.4324,22,,,,,,,,,,,,
0.4098,8,,,,,,,,,,,,
1.81,29,,,,,,,,,,,,
0.4157,15,,,,,,,,,,,,
0.4125,15,,,,,,,,,,,,
1.1043,15,,,,,,,,,,,,
0.4175,8,,,,,,,,,,,,
0.354,15,,,,,,,,,,,,
1.112,15,,,,,,,,,,,,
1.1426,22,,,,,,,,,,,,
1.1065,15,,,,,,,,,,,,
1.1452,22,,,,,,,,,,,,
0.3876,8,,,,,,,,,,,,
0.4019,15,,,,,,,,,,,,
0.3597,22,,,,,,,,,,,,
0.4094,15,,,,,,,,,,,,
0.3559,15,,,,,,,,,,,,
0.3986,15,,,,,,,,,,,,
0.9415,15,,,,,,,,,,,,
1.8088,29,,,,,,,,,,,,
1.0879,15,,,,,,,,,,,,
1.1458,22,,,,,,,,,,,,
0.4152,8,,,,,,,,,,,,
0.3587,22,,,,,,,,,,,,
1.8095,29,,,,,,,,,,,,
1.147,22,,,,,,,,,,,,
1.1384,22,,,,,,,,,,,,
1.1463,22,,,,,,,,,,,,
0.3568,22,,,,,,,,,,,,
0.4251,8,,,,,,,,,,,,
0.2752,22,,,,,,,,,,,,
0.2535,22,,,,,,,,,,,,
1.178,22,,,,,,,,,,,,
0.3574,15,,,,,,,,,,,,
1.8086,29,,,,,,,,,,,,
1.8076,29,,,,,,,,,,,,
0.4042,8,,,,,,,,,,,,
0.4039,8,,,,,,,,,,,,
0.4134,15,,,,,,,,,,,,
0.383,15,,,,,,,,,,,,
1.1088,15,,,,,,,,,,,,
0.3528,15,,,,,,,,,,,,
1.0967,15,,,,,,,,,,,,
1.1443,22,,,,,,,,,,,,
0.3571,15,,,,,,,,,,,,
1.8085,29,,,,,,,,,,,,
1.1441,22,,,,,,,,,,,,
0.2964,8,,,,,,,,,,,,
1.1104,15,,,,,,,,,,,,
0.3791,8,,,,,,,,,,,,
1.1449,22,,,,,,,,,,,,
1.1506,22,,,,,,,,,,,,
0.3083,15,,,,,,,,,,,,
0.4186,8,,,,,,,,,,,,
1.1801,22,,,,,,,,,,,,
1.0912,15,,,,,,,,,,,,
0.3929,8,,,,,,,,,,,,
1.1819,22,,,,,,,,,,,,
0.3481,22,,,,,,,,,,,,
0.3993,15,,,,,,,,,,,,
1.1066,15,,,,,,,,,,,,
0.4309,15,,,,,,,,,,,,
1.1432,22,,,,,,,,,,,,
0.4256,15,,,,,,,,,,,,
1.1474,22,,,,,,,,,,,,
0.2802,15,,,,,,,,,,,,
1.1229,15,,,,,,,,,,,,
1.095,15,,,,,,,,,,,,
0.4017,15,,,,,,,,,,,,
0.408,15,,,,,,,,,,,,
1.1465,22,,,,,,,,,,,,
1.1165,15,,,,,,,,,,,,
1.1812,22,,,,,,,,,,,,
1.8082,29,,,,,,,,,,,,
0.4243,15,,,,,,,,,,,,
0.3508,15,,,,,,,,,,,,
1.8082,29,,,,,,,,,,,,
1.1441,22,,,,,,,,,,,,
1.8087,29,,,,,,,,,,,,
1.0831,15,,,,,,,,,,,,
0.3527,15,,,,,,,,,,,,
0.3619,15,,,,,,,,,,,,
1.1471,22,,,,,,,,,,,,
1.1454,22,,,,,,,,,,,,
0.4319,22,,,,,,,,,,,,
1.8097,29,,,,,,,,,,,,
0.6529,15,,,,,,,,,,,,
0.4232,15,,,,,,,,,,,,
1.1459,22,,,,,,,,,,,,
0.3596,15,,,,,,,,,,,,
0.3524,15,,,,,,,,,,,,
1.1449,22,,,,,,,,,,,,
0.2731,15,,,,,,,,,,,,
0.3364,8,,,,,,,,,,,,
0.3012,15,,,,,,,,,,,,
1.1817,22,,,,,,,,,,,,
1.1482,22,,,,,,,,,,,,
1.1419,22,,,,,,,,,,,,
1.808,29,,,,,,,,,,,,
0.3574,8,,,,,,,,,,,,
1.1466,22,,,,,,,,,,,,
1.1355,22,,,,,,,,,,,,
0.3581,15,,,,,,,,,,,,
1.1477,22,,,,,,,,,,,,
0.3591,8,,,,,,,,,,,,
0.1954,15,,,,,,,,,,,,
0.3908,22,,,,,,,,,,,,
0.3542,8,,,,,,,,,,,,
0.2996,15,,,,,,,,,,,,
0.9581,15,,,,,,,,,,,,
0.4284,8,,,,,,,,,,,,
0.3993,15,,,,,,,,,,,,
1.1453,22,,,,,,,,,,,,
1.1082,15,,,,,,,,,,,,
0.3333,22,,,,,,,,,,,,
0.4197,15,,,,,,,,,,,,
1.1447,22,,,,,,,,,,,,
1.1086,15,,,,,,,,,,,,
1.1473,22,,,,,,,,,,,,
0.4099,15,,,,,,,,,,,,
0.3915,15,,,,,,,,,,,,
1.1081,15,,,,,,,,,,,,
0.4004,8,,,,,,,,,,,,
1.8096,29,,,,,,,,,,,,
0.3894,15,,,,,,,,,,,,
1.0939,15,,,,,,,,,,,,
1.1387,22,,,,,,,,,,,,
1.1032,15,,,,,,,,,,,,
0.4074,15,,,,,,,,,,,,
0.3579,22,,,,,,,,,,,,
1.0835,15,,,,,,,,,,,,
1.1459,22,,,,,,,,,,,,
1.1785,22,,,,,,,,,,,,
1.1459,22,,,,,,,,,,,,
1.0941,15,,,,,,,,,,,,
1.0953,15,,,,,,,,,,,,
1.8084,29,,,,,,,,,,,,
0.4299,22,,,,,,,,,,,,
1.8091,29,,,,,,,,,,,,
1.125,15,,,,,,,,,,,,
1.1451,22,,,,,,,,,,,,
1.1092,15,,,,,,,,,,,,
0.4157,15,,,,,,,,,,,,
1.8086,29,,,,,,,,,,,,
1.1445,22,,,,,,,,,,,,
0.4203,8,,,,,,,,,,,,
0.4003,15,,,,,,,,,,,,
0.4272,15,,,,,,,,,,,,
1.1424,22,,,,,,,,,,,,
1.8094,29,,,,,,,,,,,,
1.1227,15,,,,,,,,,,,,
1.8088,29,,,,,,,,,,,,
0.3576,15,,,,,,,,,,,,
0.3506,22,,,,,,,,,,,,
0.4182,8,,,,,,,,,,,,
1.1466,22,,,,,,,,,,,,
1.0381,15,,,,,,,,,,,,
0.2854,15,,,,,,,,,,,,
1.1402,22,,,,,,,,,,,,
1.1483,22,,,,,,,,,,,,
0.4142,8,,,,,,,,,,,,
1.1376,22,,,,,,,,,,,,
0.3959,8,,,,,,,,,,,,
0.3538,15,,,,,,,,,,,,
1.1455,22,,,,,,,,,,,,
1.8085,29,,,,,,,,,,,,
1.1065,15,,,,,,,,,,,,
0.2993,8,,,,,,,,,,,,
1.0969,15,,,,,,,,,,,,
1.1393,22,,,,,,,,,,,,
0.3886,22,,,,,,,,,,,,
1.1452,22,,,,,,,,,,,,
0.4152,15,,,,,,,,,,,,
0.3576,22,,,,,,,,,,,,
0.3572,15,,,,,,,,,,,,
0.4136,22,,,,,,,,,,,,
0.4169,15,,,,,,,,,,,,
1.0934,15,,,,,,,,,,,,
1.1425,22,,,,,,,,,,,,
0.3595,22,,,,,,,,,,,,
1.8098,29,,,,,,,,,,,,
1.8065,29,,,,,,,,,,,,
0.356,22,,,,,,,,,,,,
1.1469,22,,,,,,,,,,,,
1.1097,15,,,,,,,,,,,,
0.4017,15,,,,,,,,,,,,
1.1432,22,,,,,,,,,,,,
1.1459,22,,,,,,,,,,,,
0.3587,22,,,,,,,,,,,,
0.2996,8,,,,,,,,,,,,
0.3562,15,,,,,,,,,,,,
0.391,15,,,,,,,,,,,,
0.3934,8,,,,,,,,,,,,
1.1509,22,,,,,,,,,,,,
0.3995,15,,,,,,,,,,,,
1.1462,22,,,,,,,,,,,,
0.354,15,,,,,,,,,,,,
1.1452,22,,,,,,,,,,,,
1.142,22,,,,,,,,,,,,
1.8087,29,,,,,,,,,,,,
1.1379,22,,,,,,,,,,,,
1.1396,22,,,,,,,,,,,,
0.4172,15,,,,,,,,,,,,
1.0844,15,,,,,,,,,,,,
1.8093,29,,,,,,,,,,,,
1.0879,15,,,,,,,,,,,,
0.3917,15,,,,,,,,,,,,
1.1472,22,,,,,,,,,,,,
0.4006,8,,,,,,,,,,,,
0.3981,15,,,,,,,,,,,,
1.1452,22,,,,,,,,,,,,
0.2791,22,,,,,,,,,,,,
0.3887,15,,,,,,,,,,,,
0.3553,15,,,,,,,,,,,,
1.1382,22,,,,,,,,,,,,
0.4312,15,,,,,,,,,,,,
1.1422,22,,,,,,,,,,,,
1.8088,29,,,,,,,,,,,,
1.1452,22,,,,,,,,,,,,
0.4283,8,,,,,,,,,,,,
0.4112,8,,,,,,,,,,,,
0.3591,22,,,,,,,,,,,,
0.4196,15,,,,,,,,,,,,
0.9535,15,,,,,,,,,,,,
0.4035,15,,,,,,,,,,,,
0.3565,22,,,,,,,,,,,,
0.4216,15,,,,,,,,,,,,
0.3629,15,,,,,,,,,,,,
1.1406,22,,,,,,,,,,,,
0.3581,22,,,,,,,,,,,,
1.1469,22,,,,,,,,,,,,
1.1448,22,,,,,,,,,,,,
0.3542,15,,,,,,,,,,,,
1.1457,22,,,,,,,,,,,,
1.1483,22,,,,,,,,,,,,
0.4256,8,,,,,,,,,,,,
0.65,15,,,,,,,,,,,,
0.344,8,,,,,,,,,,,,
0.4269,8,,,,,,,,,,,,
0.2719,15,,,,,,,,,,,,
1.1463,22,,,,,,,,,,,,
0.2775,15,,,,,,,,,,,,
0.3531,8,,,,,,,,,,,,
1.0877,15,,,,,,,,,,,,
0.4291,15,,,,,,,,,,,,
1.1481,22,,,,,,,,,,,,
0.3595,15,,,,,,,,,,,,
1.1488,22,,,,,,,,,,,,
0.392,15,,,,,,,,,,,,
0.4025,8,,,,,,,,,,,,
1.8084,29,,,,,,,,,,,,
0.3983,15,,,,,,,,,,,,
1.0948,15,,,,,,,,,,,,
1.1392,22,,,,,,,,,,,,
0.4105,15,,,,,,,,,,,,
0.2849,15,,,,,,,,,,,,
0.3572,22,,,,,,,,,,,,
0.3592,22,,,,,,,,,,,,
0.3583,15,,,,,,,,,,,,
1.144,22,,,,,,,,,,,,
0.3558,22,,,,,,,,,,,,
0.4027,8,,,,,,,,,,,,
0.415,15,,,,,,,,,,,,
0.4165,15,,,,,,,,,,,,
1.1477,22,,,,,,,,,,,,
1.1482,22,,,,,,,,,,,,
0.3502,22,,,,,,,,,,,,
1.8086,29,,,,,,,,,,,,
0.3597,22,,,,,,,,,,,,
0.3527,15,,,,,,,,,,,,
1.1385,22,,,,,,,,,,,,
1.1446,22,,,,,,,,,,,,
0.3531,15,,,,,,,,,,,,
1.808,29,,,,,,,,,,,,
1.1477,22,,,,,,,,,,,,
0.3511,15,,,,,,,,,,,,
1.8097,29,,,,,,,,,,,,
0.3482,8,,,,,,,,,,,,
0.3572,15,,,,,,,,,,,,
0.9416,15,,,,,,,,,,,,
0.3997,8,,,,,,,,,,,,
1.1454,22,,,,,,,,,,,,
1.1456,22,,,,,,,,,,,,
1.1068,15,,,,,,,,,,,,
0.4105,8,,,,,,,,,,,,
1.1434,22,,,,,,,,,,,,
1.1102,15,,,,,,,,,,,,
0.4206,15,,,,,,,,,,,,
0.4203,8,,,,,,,,,,,,
0.3059,8,,,,,,,,,,,,
1.1468,22,,,,,,,,,,,,
0.4079,15,,,,,,,,,,,,
1.8088,29,,,,,,,,,,,,
1.1445,22,,,,,,,,,,,,
1.1448,22,,,,,,,,,,,,
1.1179,15,,,,,,,,,,,,
1.8082,29,,,,,,,,,,,,
1.1419,22,,,,,,,,,,,,
1.1448,22,,,,,,,,,,,,
1.1478,22,,,,,,,,,,,,
1.8069,29,,,,,,,,,,,,
0.2715,15,,,,,,,,,,,,
0.3919,8,,,,,,,,,,,,
0.4058,15,,,,,,,,,,,,
0.3897,15,,,,,,,,,,,,
0.3519,15,,,,,,,,,,,,
0.6458,15,,,,,,,,,,,,
0.2757,22,,,,,,,,,,,,
0.3964,8,,,,,,,,,,,,
0.4299,15,,,,,,,,,,,,
0.3498,15,,,,,,,,,,,,
0.3951,8,,,,,,,,,,,,
1.1467,22,,,,,,,,,,,,
0.3834,15,,,,,,,,,,,,
1.1481,22,,,,,,,,,,,,
0.3566,22,,,,,,,,,,,,
0.4031,15,,,,,,,,,,,,
0.3578,22,,,,,,,,,,,,
1.1448,22,,,,,,,,,,,,
0.3054,8,,,,,,,,,,,,
1.8086,29,,,,,,,,,,,,
1.1474,22,,,,,,,,,,,,
0.3583,22,,,,,,,,,,,,
0.3013,8,,,,,,,,,,,,
0.3599,22,,,,,,,,,,,,
0.301,15,,,,,,,,,,,,
0.3604,22,,,,,,,,,,,,
1.1492,22,,,,,,,,,,,,
0.3814,15,,,,,,,,,,,,
0.3905,8,,,,,,,,,,,,
1.1415,22,,,,,,,,,,,,
0.4312,8,,,,,,,,,,,,
0.4226,15,,,,,,,,,,,,
0.301,15,,,,,,,,,,,,
1.1053,15,,,,,,,,,,,,
1.8074,29,,,,,,,,,,,,
0.3591,15,,,,,,,,,,,,
0.391,15,,,,,,,,,,,,
0.275,15,,,,,,,,,,,,
1.8072,29,,,,,,,,,,,,
0.4204,15,,,,,,,,,,,,
1.1438,22,,,,,,,,,,,,
1.0907,15,,,,,,,,,,,,
1.1383,22,,,,,,,,,,,,
1.1311,22,,,,,,,,,,,,
1.1097,15,,,,,,,,,,,,
1.146,22,,,,,,,,,,,,
0.4021,8,,,,,,,,,,,,
1.1168,15,,,,,,,,,,,,
1.1451,22,,,,,,,,,,,,
0.3546,8,,,,,,,,,,,,
1.1462,22,,,,,,,,,,,,
0.2666,22,,,,,,,,,,,,
0.2941,8,,,,,,,,,,,,
1.1455,22,,,,,,,,,,,,
0.4185,15,,,,,,,,,,,,
0.3785,22,,,,,,,,,,,,
0.4208,15,,,,,,,,,,,,
0.4185,15,,,,,,,,,,,,
0.961,15,,,,,,,,,,,,
0.3952,8,,,,,,,,,,,,
0.3556,15,,,,,,,,,,,,
1.1458,22,,,,,,,,,,,,
0.354,22,,,,,,,,,,,,
0.4171,15,,,,,,,,,,,,
0.4319,15,,,,,,,,,,,,
0.2851,8,,,,,,,,,,,,
1.137,22,,,,,,,,,,,,
1.8094,29,,,,,,,,,,,,
0.4126,15,,,,,,,,,,,,
0.2999,8,,,,,,,,,,,,
1.1437,22,,,,,,,,,,,,
1.1498,22,,,,,,,,,,,,
0.2742,22,,,,,,,,,,,,
1.1474,22,,,,,,,,,,,,
0.958,15,,,,,,,,,,,,
0.4107,15,,,,,,,,,,,,
0.2889,15,,,,,,,,,,,,
1.1451,22,,,,,,,,,,,,
1.0015,15,,,,,,,,,,,,
0.4103,15,,,,,,,,,,,,
0.4038,8,,,,,,,,,,,,
1.1482,22,,,,,,,,,,,,
0.3911,15,,,,,,,,,,,,
1.1807,22,,,,,,,,,,,,
0.3018,15,,,,,,,,,,,,
1.1473,22,,,,,,,,,,,,
1.808,29,,,,,,,,,,,,
0.4183,15,,,,,,,,,,,,
0.4302,15,,,,,,,,,,,,
1.8076,29,,,,,,,,,,,,
0.3691,15,,,,,,,,,,,,
1.1455,22,,,,,,,,,,,,
1.1453,22,,,,,,,,,,,,
1.1434,22,,,,,,,,,,,,
0.4164,15,,,,,,,,,,,,
1.8094,29,,,,,,,,,,,,
0.3024,15,,,,,,,,,,,,
0.4161,15,,,,,,,,,,,,
0.3585,15,,,,,,,,,,,,
0.3574,15,,,,,,,,,,,,
1.1357,22,,,,,,,,,,,,
0.417,15,,,,,,,,,,,,
0.3899,8,,,,,,,,,,,,
1.1464,22,,,,,,,,,,,,
0.2783,15,,,,,,,,,,,,
0.4246,8,,,,,,,,,,,,
0.3585,15,,,,,,,,,,,,
0.4303,15,,,,,,,,,,,,
0.4295,8,,,,,,,,,,,,
1.147,22,,,,,,,,,,,,
1.1485,22,,,,,,,,,,,,
0.653,15,,,,,,,,,,,,
0.4102,8,,,,,,,,,,,,
1.8087,29,,,,,,,,,,,,
0.4066,15,,,,,,,,,,,,
0.4076,15,,,,,,,,,,,,
0.3593,22,,,,,,,,,,,,
1.1452,22,,,,,,,,,,,,
1.1389,22,,,,,,,,,,,,
0.4195,8,,,,,,,,,,,,
1.1373,22,,,,,,,,,,,,
0.3886,15,,,,,,,,,,,,
0.4052,15,,,,,,,,,,,,
0.4025,8,,,,,,,,,,,,
1.1443,22,,,,,,,,,,,,
0.3529,8,,,,,,,,,,,,
1.1457,22,,,,,,,,,,,,
0.3967,8,,,,,,,,,,,,
1.1448,22,,,,,,,,,,,,
0.2858,15,,,,,,,,,,,,
1.809,29,,,,,,,,,,,,
1.1363,22,,,,,,,,,,,,
1.1455,22,,,,,,,,,,,,
1.1454,22,,,,,,,,,,,,
1.1462,22,,,,,,,,,,,,
0.4193,15,,,,,,,,,,,,
1.1081,15,,,,,,,,,,,,
0.4005,15,,,,,,,,,,,,
0.3602,22,,,,,,,,,,,,
1.137,22,,,,,,,,,,,,
1.1454,22,,,,,,,,,,,,
0.3543,15,,,,,,,,,,,,
1.0033,15,,,,,,,,,,,,
0.3492,8,,,,,,,,,,,,
0.4142,15,,,,,,,,,,,,
1.8073,29,,,,,,,,,,,,
1.1831,22,,,,,,,,,,,,
1.8073,29,,,,,,,,,,,,
0.2711,15,,,,,,,,,,,,
1.059,15,,,,,,,,,,,,
1.8085,29,,,,,,,,,,,,
0.3993,15,,,,,,,,,,,,
1.1486,22,,,,,,,,,,,,
1.1451,22,,,,,,,,,,,,
1.145,22,,,,,,,,,,,,
0.4166,15,,,,,,,,,,,,
0.3962,15,,,,,,,,,,,,
0.4007,8,,,,,,,,,,,,
0.3424,8,,,,,,,,,,,,
0.3767,15,,,,,,,,,,,,
0.3935,15,,,,,,,,,,,,
1.1448,22,,,,,,,,,,,,
1.0323,15,,,,,,,,,,,,
1.139,22,,,,,,,,,,,,
0.3554,15,,,,,,,,,,,,
0.4061,8,,,,,,,,,,,,
1.0941,15,,,,,,,,,,,,
0.3629,15,,,,,,,,,,,,
0.4174,8,,,,,,,,,,,,
1.1113,15,,,,,,,,,,,,
1.8093,29,,,,,,,,,,,,
0.354,15,,,,,,,,,,,,
0.4168,15,,,,,,,,,,,,
1.1405,22,,,,,,,,,,,,
1.1104,15,,,,,,,,,,,,
0.3511,22,,,,,,,,,,,,
1.1423,22,,,,,,,,,,,,
1.8072,29,,,,,,,,,,,,
0.3477,8,,,,,,,,,,,,
1.1483,22,,,,,,,,,,,,
0.3577,15,,,,,,,,,,,,
1.1517,22,,,,,,,,,,,,
0.417,8,,,,,,,,,,,,
0.4249,15,,,,,,,,,,,,
1.1793,22,,,,,,,,,,,,
1.1471,22,,,,,,,,,,,,
0.3615,22,,,,,,,,,,,,
0.957,15,,,,,,,,,,,,
1.1428,22,,,,,,,,,,,,
1.0597,15,,,,,,,,,,,,
0.3999,15,,,,,,,,,,,,
1.1462,22,,,,,,,,,,,,
0.4237,8,,,,,,,,,,,,
1.1419,22,,,,,,,,,,,,
0.3566,15,,,,,,,,,,,,
1.1463,22,,,,,,,,,,,,
1.1767,22,,,,,,,,,,,,
0.4152,8,,,,,,,,,,,,
0.2549,8,,,,,,,,,,,,
1.1454,22,,,,,,,,,,,,
1.1441,22,,,,,,,,,,,,
1.1044,15,,,,,,,,,,,,
0.4274,15,,,,,,,,,,,,
0.3591,22,,,,,,,,,,,,
1.1466,22,,,,,,,,,,,,
1.1817,22,,,,,,,,,,,,
1.1448,22,,,,,,,,,,,,
0.4247,15,,,,,,,,,,,,
1.1454,22,,,,,,,,,,,,
0.3586,15,,,,,,,,,,,,
1.8082,29,,,,,,,,,,,,
0.3951,15,,,,,,,,,,,,
0.4279,8,,,,,,,,,,,,
1.1806,22,,,,,,,,,,,,
0.4267,8,,,,,,,,,,,,
1.1109,15,,,,,,,,,,,,
0.3554,15,,,,,,,,,,,,
0.3602,15,,,,,,,,,,,,
1.1448,22,,,,,,,,,,,,
0.4112,8,,,,,,,,,,,,
0.2747,15,,,,,,,,,,,,
0.3503,15,,,,,,,,,,,,
0.4312,15,,,,,,,,,,,,
1.144,22,,,,,,,,,,,,
1.1467,22,,,,,,,,,,,,
1.1454,22,,,,,,,,,,,,
0.3804,8,,,,,,,,,,,,
1.1458,22,,,,,,,,,,,,
0.4218,8,,,,,,,,,,,,
1.1451,22,,,,,,,,,,,,
0.4073,8,,,,,,,,,,,,
1.1418,22,,,,,,,,,,,,
0.4076,15,,,,,,,,,,,,
0.4125,15,,,,,,,,,,,,
0.4145,8,,,,,,,,,,,,
1.1471,22,,,,,,,,,,,,
1.146,22,,,,,,,,,,,,
0.3597,15,,,,,,,,,,,,
1.1466,22,,,,,,,,,,,,
0.3583,22,,,,,,,,,,,,
0.4298,15,,,,,,,,,,,,
0.3933,8,,,,,,,,,,,,
0.3588,22,,,,,,,,,,,,
0.405,15,,,,,,,,,,,,
1.1443,22,,,,,,,,,,,,
1.146,22,,,,,,,,,,,,
1.1212,22,,,,,,,,,,,,
1.1486,22,,,,,,,,,,,,
1.0999,15,,,,,,,,,,,,
0.4022,15,,,,,,,,,,,,
1.1413,22,,,,,,,,,,,,
0.4311,15,,,,,,,,,,,,
1.1437,22,,,,,,,,,,,,
1.1455,22,,,,,,,,,,,,
0.3014,15,,,,,,,,,,,,
1.1455,22,,,,,,,,,,,,
0.3521,8,,,,,,,,,,,,
0.3921,15,,,,,,,,,,,,
1.1512,22,,,,,,,,,,,,
0.3356,15,,,,,,,,,,,,
1.8103,29,,,,,,,,,,,,
0.422,15,,,,,,,,,,,,
0.3805,8,,,,,,,,,,,,
1.0885,15,,,,,,,,,,,,
1.1469,22,,,,,,,,,,,,
0.2891,15,,,,,,,,,,,,
0.4245,15,,,,,,,,,,,,
0.3753,8,,,,,,,,,,,,
1.1392,22,,,,,,,,,,,,
0.3904,8,,,,,,,,,,,,
0.3911,15,,,,,,,,,,,,
0.3441,15,,,,,,,,,,,,
0.4165,15,,,,,,,,,,,,
1.8081,29,,,,,,,,,,,,
1.8061,29,,,,,,,,,,,,
1.1781,22,,,,,,,,,,,,
0.3921,15,,,,,,,,,,,,
0.3548,15,,,,,,,,,,,,
0.2962,15,,,,,,,,,,,,
0.3535,8,,,,,,,,,,,,
1.1456,22,,,,,,,,,,,,
1.1464,22,,,,,,,,,,,,
0.4132,8,,,,,,,,,,,,
1.1452,22,,,,,,,,,,,,
1.111,15,,,,,,,,,,,,
0.4071,15,,,,,,,,,,,,
1.1396,22,,,,,,,,,,,,
0.4215,8,,,,,,,,,,,,
0.3969,15,,,,,,,,,,,,
1.1466,22,,,,,,,,,,,,
0.4019,15,,,,,,,,,,,,
0.4297,15,,,,,,,,,,,,
0.3585,22,,,,,,,,,,,,
0.392,15,,,,,,,,,,,,
0.4132,8,,,,,,,,,,,,
0.4238,15,,,,,,,,,,,,
0.2848,15,,,,,,,,,,,,
0.3501,8,,,,,,,,,,,,
0.3516,15,,,,,,,,,,,,
1.1376,22,,,,,,,,,,,,
0.3795,15,,,,,,,,,,,,
0.4193,15,,,,,,,,,,,,
1.1453,22,,,,,,,,,,,,
1.1474,22,,,,,,,,,,,,
0.402,8,,,,,,,,,,,,
1.1195,15,,,,,,,,,,,,
0.3957,15,,,,,,,,,,,,
0.4367,8,,,,,,,,,,,,
0.3862,8,,,,,,,,,,,,
1.1468,22,,,,,,,,,,,,
1.145,22,,,,,,,,,,,,
0.3563,15,,,,,,,,,,,,
0.4216,8,,,,,,,,,,,,
1.1376,22,,,,,,,,,,,,
0.3945,15,,,,,,,,,,,,
1.1435,22,,,,,,,,,,,,
1.1459,22,,,,,,,,,,,,
0.3042,8,,,,,,,,,,,,
0.3562,8,,,,,,,,,,,,
1.0999,15,,,,,,,,,,,,
0.3714,15,,,,,,,,,,,,
1.1471,22,,,,,,,,,,,,
1.1433,22,,,,,,,,,,,,
0.3904,15,,,,,,,,,,,,
0.3588,8,,,,,,,,,,,,
0.4299,15,,,,,,,,,,,,
1.1486,22,,,,,,,,,,,,
1.1456,22,,,,,,,,,,,,
0.4126,8,,,,,,,,,,,,
0.4232,15,,,,,,,,,,,,
0.359,22,,,,,,,,,,,,
0.2976,8,,,,,,,,,,,,
1.1398,22,,,,,,,,,,,,
0.4256,15,,,,,,,,,,,,
0.4114,8,,,,,,,,,,,,
1.1378,22,,,,,,,,,,,,
0.4028,15,,,,,,,,,,,,
0.4182,15,,,,,,,,,,,,
0.3608,22,,,,,,,,,,,,
0.4258,8,,,,,,,,,,,,
0.3776,8,,,,,,,,,,,,
0.275,15,,,,,,,,,,,,
0.3983,15,,,,,,,,,,,,
1.1425,22,,,,,,,,,,,,
1.039,15,,,,,,,,,,,,
1.1411,22,,,,,,,,,,,,
0.4187,15,,,,,,,,,,,,
1.1474,22,,,,,,,,,,,,
0.4219,15,,,,,,,,,,,,
1.1434,22,,,,,,,,,,,,
0.3602,8,,,,,,,,,,,,
0.3965,15,,,,,,,,,,,,
1.146,22,,,,,,,,,,,,
0.2895,15,,,,,,,,,,,,
1.1422,22,,,,,,,,,,,,
0.4317,8,,,,,,,,,,,,
0.3544,15,,,,,,,,,,,,
0.4211,8,,,,,,,,,,,,
0.346,22,,,,,,,,,,,,
1.1445,22,,,,,,,,,,,,
0.3587,22,,,,,,,,,,,,
1.1443,22,,,,,,,,,,,,
0.3922,15,,,,,,,,,,,,
1.1472,22,,,,,,,,,,,,
0.3996,8,,,,,,,,,,,,
0.4161,15,,,,,,,,,,,,
0.373,15,,,,,,,,,,,,
1.1046,15,,,,,,,,,,,,
0.2818,8,,,,,,,,,,,,
1.1472,22,,,,,,,,,,,,
1.806,29,,,,,,,,,,,,
0.3643,15,,,,,,,,,,,,
0.431,8,,,,,,,,,,,,
1.1445,22,,,,,,,,,,,,
1.1409,22,,,,,,,,,,,,
0.3507,15,,,,,,,,,,,,
0.4338,8,,,,,,,,,,,,
0.0939,8,,,,,,,,,,,,
1.1457,22,,,,,,,,,,,,
0.4226,15,,,,,,,,,,,,
0.4,15,,,,,,,,,,,,
0.3026,15,,,,,,,,,,,,
0.3011,15,,,,,,,,,,,,
0.3893,15,,,,,,,,,,,,
0.424,8,,,,,,,,,,,,
1.1373,22,,,,,,,,,,,,
0.4059,15,,,,,,,,,,,,
1.1452,22,,,,,,,,,,,,
1.1492,22,,,,,,,,,,,,
0.4194,8,,,,,,,,,,,,
1.1504,22,,,,,,,,,,,,
0.4044,15,,,,,,,,,,,,
0.3497,15,,,,,,,,,,,,
0.3981,8,,,,,,,,,,,,
0.3993,15,,,,,,,,,,,,
1.1478,22,,,,,,,,,,,,
0.2542,8,,,,,,,,,,,,
1.1396,22,,,,,,,,,,,,
0.405,15,,,,,,,,,,,,
1.1382,22,,,,,,,,,,,,
1.1506,22,,,,,,,,,,,,
1.1462,22,,,,,,,,,,,,
0.4265,8,,,,,,,,,,,,
0.432,15,,,,,,,,,,,,
1.1437,22,,,,,,,,,,,,
0.3908,15,,,,,,,,,,,,
0.274,15,,,,,,,,,,,,
0.2996,8,,,,,,,,,,,,
1.1445,22,,,,,,,,,,,,
0.3549,15,,,,,,,,,,,,
1.1461,22,,,,,,,,,,,,
1.1509,22,,,,,,,,,,,,
0.3549,15,,,,,,,,,,,,
0.4263,8,,,,,,,,,,,,
0.3931,8,,,,,,,,,,,,
0.3535,15,,,,,,,,,,,,
0.3019,8,,,,,,,,,,,,
0.3564,8,,,,,,,,,,,,
0.3996,15,,,,,,,,,,,,
0.4032,15,,,,,,,,,,,,
0.4189,8,,,,,,,,,,,,
1.1388,22,,,,,,,,,,,,
1.1378,22,,,,,,,,,,,,
0.417,15,,,,,,,,,,,,
1.1455,22,,,,,,,,,,,,
1.1465,22,,,,,,,,,,,,
1.1444,22,,,,,,,,,,,,
0.3038,15,,,,,,,,,,,,
1.1456,22,,,,,,,,,,,,
0.4196,15,,,,,,,,,,,,
0.3557,15,,,,,,,,,,,,
1.147,22,,,,,,,,,,,,
0.2753,8,,,,,,,,,,,,
1.1139,15,,,,,,,,,,,,
1.1448,22,,,,,,,,,,,,
1.0831,15,,,,,,,,,,,,
1.1405,22,,,,,,,,,,,,
0.3916,15,,,,,,,,,,,,
0.4168,15,,,,,,,,,,,,
0.3566,15,,,,,,,,,,,,
0.3,8,,,,,,,,,,,,
1.1448,22,,,,,,,,,,,,
0.4042,15,,,,,,,,,,,,
0.4079,8,,,,,,,,,,,,
0.3479,15,,,,,,,,,,,,
0.4136,15,,,,,,,,,,,,
0.3613,22,,,,,,,,,,,,
0.4013,8,,,,,,,,,,,,
0.4289,15,,,,,,,,,,,,
1.1452,22,,,,,,,,,,,,
0.3013,15,,,,,,,,,,,,
0.3605,15,,,,,,,,,,,,
0.409,8,,,,,,,,,,,,
1.1062,15,,,,,,,,,,,,
0.3522,15,,,,,,,,,,,,
1.1391,22,,,,,,,,,,,,
0.3651,15,,,,,,,,,,,,
1.1405,22,,,,,,,,,,,,
1.1463,22,,,,,,,,,,,,
0.3585,15,,,,,,,,,,,,
1.1478,22,,,,,,,,,,,,
1.1432,22,,,,,,,,,,,,
0.425,15,,,,,,,,,,,,
0.2923,15,,,,,,,,,,,,
0.3584,15,,,,,,,,,,,,
0.3516,8,,,,,,,,,,,,
0.418,15,,,,,,,,,,,,
1.1447,22,,,,,,,,,,,,
0.4061,15,,,,,,,,,,,,
0.4223,15,,,,,,,,,,,,
0.4118,8,,,,,,,,,,,,
0.3011,15,,,,,,,,,,,,
0.4105,15,,,,,,,,,,,,
1.1445,22,,,,,,,,,,,,
0.3572,15,,,,,,,,,,,,
1.1481,22,,,,,,,,,,,,
1.0074,15,,,,,,,,,,,,
0.415,15,,,,,,,,,,,,
0.4112,15,,,,,,,,,,,,
1.1447,22,,,,,,,,,,,,
0.4202,15,,,,,,,,,,,,
0.4164,15,,,,,,,,,,,,
0.3582,22,,,,,,,,,,,,
0.3774,15,,,,,,,,,,,,
1.1445,22,,,,,,,,,,,,
0.3005,15,,,,,,,,,,,,
1.1418,22,,,,,,,,,,,,
0.3505,15,,,,,,,,,,,,
0.3475,8,,,,,,,,,,,,
1.1465,22,,,,,,,,,,,,
1.1453,22,,,,,,,,,,,,
0.349,8,,,,,,,,,,,,
0.4309,8,,,,,,,,,,,,
0.4261,8,,,,,,,,,,,,
0.4273,15,,,,,,,,,,,,
0.3082,8,,,,,,,,,,,,
0.4307,8,,,,,,,,,,,,
0.3578,8,,,,,,,,,,,,
0.6533,15,,,,,,,,,,,,
0.3855,15,,,,,,,,,,,,
1.1458,22,,,,,,,,,,,,
1.1771,22,,,,,,,,,,,,
0.4169,8,,,,,,,,,,,,
0.3502,15,,,,,,,,,,,,
0.4207,8,,,,,,,,,,,,
1.149,22,,,,,,,,,,,,
1.1776,22,,,,,,,,,,,,
0.3514,8,,,,,,,,,,,,
0.4061,8,,,,,,,,,,,,
1.1452,22,,,,,,,,,,,,
1.1822,22,,,,,,,,,,,,
1.1773,22,,,,,,,,,,,,
0.3841,8,,,,,,,,,,,,
1.1464,22,,,,,,,,,,,,
0.3969,15,,,,,,,,,,,,
0.4055,15,,,,,,,,,,,,
0.4186,15,,,,,,,,,,,,
1.1394,22,,,,,,,,,,,,
0.37,15,,,,,,,,,,,,
0.4317,8,,,,,,,,,,,,
1.1495,22,,,,,,,,,,,,
0.3925,8,,,,,,,,,,,,
0.3925,15,,,,,,,,,,,,
0.302,15,,,,,,,,,,,,
0.4222,8,,,,,,,,,,,,
0.3515,15,,,,,,,,,,,,
1.1369,22,,,,,,,,,,,,
0.358,15,,,,,,,,,,,,
0.2962,15,,,,,,,,,,,,
0.2879,15,,,,,,,,,,,,
0.3553,8,,,,,,,,,,,,
0.4078,15,,,,,,,,,,,,
0.3893,8,,,,,,,,,,,,
0.3809,8,,,,,,,,,,,,
0.3827,8,,,,,,,,,,,,
1.1318,22,,,,,,,,,,,,
0.3009,15,,,,,,,,,,,,
0.3571,8,,,,,,,,,,,,
0.3465,15,,,,,,,,,,,,
1.1472,22,,,,,,,,,,,,
0.4215,15,,,,,,,,,,,,
0.3907,15,,,,,,,,,,,,
1.1438,22,,,,,,,,,,,,
0.3146,15,,,,,,,,,,,,
1.1453,22,,,,,,,,,,,,
0.3568,15,,,,,,,,,,,,
0.389,15,,,,,,,,,,,,
0.4162,8,,,,,,,,,,,,
0.399,15,,,,,,,,,,,,
0.3559,15,,,,,,,,,,,,
0.3906,15,,,,,,,,,,,,
0.4033,8,,,,,,,,,,,,
1.1459,22,,,,,,,,,,,,
1.1374,22,,,,,,,,,,,,
0.3497,15,,,,,,,,,,,,
0.3282,8,,,,,,,,,,,,
1.1422,22,,,,,,,,,,,,
0.4067,8,,,,,,,,,,,,
0.423,15,,,,,,,,,,,,
0.4286,8,,,,,,,,,,,,
1.1476,22,,,,,,,,,,,,
0.401,8,,,,,,,,,,,,
0.3525,15,,,,,,,,,,,,
0.3022,15,,,,,,,,,,,,
1.1449,22,,,,,,,,,,,,
0.1244,15,,,,,,,,,,,,
0.3054,15,,,,,,,,,,,,
1.1504,22,,,,,,,,,,,,
0.3608,22,,,,,,,,,,,,
0.358,15,,,,,,,,,,,,
0.415,8,,,,,,,,,,,,
0.3473,8,,,,,,,,,,,,
0.4165,15,,,,,,,,,,,,
0.3531,15,,,,,,,,,,,,
1.1395,22,,,,,,,,,,,,
1.1398,22,,,,,,,,,,,,
1.1351,22,,,,,,,,,,,,
0.4259,15,,,,,,,,,,,,
0.3013,15,,,,,,,,,,,,
1.1446,22,,,,,,,,,,,,
1.1458,22,,,,,,,,,,,,
0.3463,8,,,,,,,,,,,,
1.1392,22,,,,,,,,,,,,
0.3686,8,,,,,,,,,,,,
0.296,8,,,,,,,,,,,,
0.4221,15,,,,,,,,,,,,
0.3785,8,,,,,,,,,,,,
0.4148,15,,,,,,,,,,,,
1.1449,22,,,,,,,,,,,,
0.3563,15,,,,,,,,,,,,
1.1359,22,,,,,,,,,,,,
0.2985,8,,,,,,,,,,,,
0.4142,8,,,,,,,,,,,,
0.3636,15,,,,,,,,,,,,
1.1449,22,,,,,,,,,,,,
0.3896,8,,,,,,,,,,,,
0.2861,15,,,,,,,,,,,,
0.4088,8,,,,,,,,,,,,
0.3546,8,,,,,,,,,,,,
0.4212,8,,,,,,,,,,,,
0.3946,15,,,,,,,,,,,,
0.2706,15,,,,,,,,,,,,
1.1819,22,,,,,,,,,,,,
0.3536,8,,,,,,,,,,,,
0.3687,8,,,,,,,,,,,,
1.1485,22,,,,,,,,,,,,
1.1424,22,,,,,,,,,,,,
1.1371,22,,,,,,,,,,,,
0.4054,8,,,,,,,,,,,,
0.3505,8,,,,,,,,,,,,
0.2997,8,,,,,,,,,,,,
0.3409,8,,,,,,,,,,,,
0.3507,15,,,,,,,,,,,,
0.3326,22,,,,,,,,,,,,
0.3822,15,,,,,,,,,,,,
0.3891,8,,,,,,,,,,,,
0.317,8,,,,,,,,,,,,
0.3535,15,,,,,,,,,,,,
0.3537,8,,,,,,,,,,,,
0.4003,15,,,,,,,,,,,,
0.3564,8,,,,,,,,,,,,
1.1439,22,,,,,,,,,,,,
0.3847,8,,,,,,,,,,,,
0.3528,8,,,,,,,,,,,,
1.1474,22,,,,,,,,,,,,
0.3528,15,,,,,,,,,,,,
0.3013,15,,,,,,,,,,,,
0.3499,8,,,,,,,,,,,,
1.1485,22,,,,,,,,,,,,
1.1467,22,,,,,,,,,,,,
1.1374,22,,,,,,,,,,,,
0.2874,15,,,,,,,,,,,,
0.3474,8,,,,,,,,,,,,
0.3589,15,,,,,,,,,,,,
1.1495,22,,,,,,,,,,,,
0.3591,15,,,,,,,,,,,,
0.3575,8,,,,,,,,,,,,
0.3522,8,,,,,,,,,,,,
0.4233,15,,,,,,,,,,,,
0.4016,15,,,,,,,,,,,,
0.359,15,,,,,,,,,,,,
0.2689,8,,,,,,,,,,,,
0.3516,8,,,,,,,,,,,,
1.1461,22,,,,,,,,,,,,
0.355,8,,,,,,,,,,,,
0.3491,8,,,,,,,,,,,,
0.3506,8,,,,,,,,,,,,
0.2888,15,,,,,,,,,,,,
